{"stats":{"minecraft:custom":{"minecraft:deaths":1,"minecraft:time_since_rest":3165,"minecraft:crouch_one_cm":6,"minecraft:play_time":8677,"minecraft:sprint_one_cm":24230,"minecraft:damage_taken":343,"minecraft:walk_one_cm":19911,"minecraft:sneak_time":15,"minecraft:drop":7,"minecraft:jump":278,"minecraft:damage_dealt":93,"minecraft:leave_game":1,"minecraft:time_since_death":3081,"minecraft:total_world_time":8677,"minecraft:fall_one_cm":14889,"minecraft:fly_one_cm":51329},"minecraft:dropped":{"minecraft:light_gray_wool":1,"minecraft:dirt":17,"minecraft:oak_log":5},"minecraft:crafted":{"minecraft:oak_planks":24,"minecraft:acacia_planks":32},"minecraft:killed_by":{"minecraft:player":1},"minecraft:picked_up":{"minecraft:acacia_log":8,"minecraft:oak_log":11,"minecraft:light_gray_wool":1,"minecraft:dirt":17},"minecraft:mined":{"minecraft:short_grass":9,"minecraft:acacia_log":7,"minecraft:grass_block":2,"minecraft:oak_log":11,"minecraft:oak_leaves":1}},"DataVersion":3700}