{"stats":{"minecraft:killed":{"minecraft:pig":2},"minecraft:crafted":{"minecraft:wooden_shovel":1,"minecraft:wooden_hoe":1,"minecraft:crafting_table":1,"minecraft:stick":8,"minecraft:spruce_planks":28,"minecraft:wooden_pickaxe":1},"minecraft:mined":{"minecraft:spruce_planks":1,"minecraft:white_bed":1,"minecraft:carrots":8,"minecraft:cobblestone_wall":1,"minecraft:red_bed":1,"minecraft:snow_block":7,"minecraft:wheat":17,"minecraft:snow":14,"minecraft:spruce_log":7,"minecraft:tnt":5,"minecraft:crafting_table":2,"minecraft:short_grass":3,"minecraft:spruce_fence":1,"minecraft:grass_block":11,"minecraft:potatoes":70,"minecraft:dirt":5,"minecraft:spruce_leaves":2,"minecraft:blue_bed":2},"minecraft:picked_up":{"minecraft:stick":4,"minecraft:crafting_table":4,"minecraft:wooden_pickaxe":1,"minecraft:potato":73,"minecraft:spruce_fence":1,"minecraft:porkchop":6,"minecraft:white_bed":1,"minecraft:cobblestone_wall":2,"minecraft:spruce_log":7,"minecraft:carrot":12,"minecraft:wooden_hoe":1,"minecraft:blue_bed":2,"minecraft:dirt":72,"minecraft:tnt":9,"minecraft:wheat_seeds":17,"minecraft:spruce_planks":15,"minecraft:blue_ice":1,"minecraft:bread":7,"minecraft:wooden_shovel":1,"minecraft:coal":2,"minecraft:snowball":114,"minecraft:furnace":1},"minecraft:custom":{"minecraft:time_since_rest":359,"minecraft:interact_with_furnace":1,"minecraft:sprint_one_cm":108296,"minecraft:damage_taken":1206,"minecraft:walk_one_cm":58981,"minecraft:mob_kills":2,"minecraft:drop":5,"minecraft:damage_dealt":405,"minecraft:interact_with_crafting_table":4,"minecraft:fly_one_cm":74282,"minecraft:open_chest":7,"minecraft:crouch_one_cm":554,"minecraft:play_time":22547,"minecraft:deaths":4,"minecraft:sneak_time":213,"minecraft:jump":432,"minecraft:leave_game":1,"minecraft:time_since_death":332,"minecraft:sleep_in_bed":4,"minecraft:total_world_time":22547,"minecraft:fall_one_cm":15569},"minecraft:used":{"minecraft:wooden_hoe":1,"minecraft:spruce_planks":10,"minecraft:wooden_pickaxe":31,"minecraft:blue_bed":1,"minecraft:wooden_shovel":43,"minecraft:dirt":20,"minecraft:tnt":1,"minecraft:crafting_table":1,"minecraft:furnace":1,"minecraft:snowball":33,"minecraft:beetroot_soup":1},"minecraft:dropped":{"minecraft:bread":7,"minecraft:potato":61,"minecraft:dirt":1,"minecraft:wheat_seeds":2,"minecraft:carrot":8},"minecraft:broken":{"minecraft:wooden_pickaxe":1},"minecraft:killed_by":{"minecraft:iron_golem":2,"minecraft:player":1}},"DataVersion":3839}