{"stats":{"minecraft:picked_up":{"minecraft:firework_rocket":250,"minecraft:bread":8,"minecraft:mutton":1,"minecraft:white_wool":1},"minecraft:custom":{"minecraft:time_since_rest":22358,"minecraft:crouch_one_cm":1035,"minecraft:walk_one_cm":74495,"minecraft:play_time":24284,"minecraft:sprint_one_cm":30480,"minecraft:open_enderchest":1,"minecraft:damage_taken":1051,"minecraft:deaths":3,"minecraft:sneak_time":499,"minecraft:mob_kills":1,"minecraft:drop":6,"minecraft:jump":116,"minecraft:damage_dealt":173,"minecraft:leave_game":1,"minecraft:time_since_death":22335,"minecraft:total_world_time":24284,"minecraft:fall_one_cm":9539,"minecraft:fly_one_cm":239218,"minecraft:inspect_dispenser":1},"minecraft:killed_by":{"minecraft:player":1},"minecraft:dropped":{"minecraft:white_wool":1,"minecraft:poisonous_potato":1,"minecraft:firework_rocket":250},"minecraft:killed":{"minecraft:sheep":1},"minecraft:used":{"minecraft:mutton":1,"minecraft:bread":8,"minecraft:stone_button":2,"minecraft:infested_stone_bricks":191}},"DataVersion":3578}