{"stats":{"minecraft:killed":{"minecraft:sheep":1},"minecraft:picked_up":{"minecraft:mutton":1,"minecraft:white_wool":1},"minecraft:used":{"minecraft:white_wool":1},"minecraft:custom":{"minecraft:jump":62,"minecraft:time_since_rest":24601,"minecraft:leave_game":1,"minecraft:damage_dealt":80,"minecraft:crouch_one_cm":63,"minecraft:sprint_one_cm":16060,"minecraft:play_time":24601,"minecraft:damage_taken":10,"minecraft:time_since_death":24601,"minecraft:walk_one_cm":2489,"minecraft:sneak_time":49,"minecraft:total_world_time":24601,"minecraft:mob_kills":1,"minecraft:fall_one_cm":964,"minecraft:fly_one_cm":25691}},"DataVersion":3578}