{"stats":{"minecraft:custom":{"minecraft:jump":107,"minecraft:time_since_rest":21332,"minecraft:walk_on_water_one_cm":658,"minecraft:damage_dealt":10,"minecraft:crouch_one_cm":273,"minecraft:play_time":21332,"minecraft:leave_game":3,"minecraft:sprint_one_cm":13266,"minecraft:damage_taken":140,"minecraft:time_since_death":21332,"minecraft:walk_one_cm":10476,"minecraft:sneak_time":182,"minecraft:climb_one_cm":348,"minecraft:total_world_time":21332,"minecraft:fall_one_cm":2299,"minecraft:fly_one_cm":51961}},"DataVersion":3839}