{"stats":{"minecraft:picked_up":{"minecraft:chicken":1,"minecraft:rotten_flesh":1,"minecraft:gunpowder":2,"minecraft:mutton":4,"minecraft:white_wool":3,"minecraft:string":1,"minecraft:egg":2},"minecraft:custom":{"minecraft:time_since_rest":40430,"minecraft:crouch_one_cm":741,"minecraft:play_time":40430,"minecraft:sprint_one_cm":40124,"minecraft:damage_taken":10,"minecraft:walk_one_cm":8507,"minecraft:sneak_time":587,"minecraft:mob_kills":8,"minecraft:jump":400,"minecraft:damage_dealt":1085,"minecraft:leave_game":4,"minecraft:time_since_death":40430,"minecraft:total_world_time":40430,"minecraft:fall_one_cm":964,"minecraft:fly_one_cm":270722},"minecraft:killed":{"minecraft:sheep":3,"minecraft:spider":1,"minecraft:zombie":1,"minecraft:chicken":1,"minecraft:creeper":2},"minecraft:used":{"minecraft:oak_log":1,"minecraft:white_wool":1,"minecraft:netherite_axe":18}},"DataVersion":3578}