{"stats":{"minecraft:custom":{"minecraft:time_since_rest":26444,"minecraft:damage_taken":635,"minecraft:sprint_one_cm":65952,"minecraft:crouch_one_cm":140,"minecraft:play_time":34312,"minecraft:walk_one_cm":15668,"minecraft:deaths":2,"minecraft:sneak_time":74,"minecraft:walk_under_water_one_cm":164,"minecraft:jump":669,"minecraft:damage_dealt":79,"minecraft:leave_game":4,"minecraft:walk_on_water_one_cm":1531,"minecraft:time_since_death":26325,"minecraft:total_world_time":34312,"minecraft:swim_one_cm":114,"minecraft:fall_one_cm":15830,"minecraft:fly_one_cm":169476},"minecraft:killed_by":{"minecraft:skeleton":1},"minecraft:picked_up":{"minecraft:white_carpet":8,"minecraft:rotten_flesh":2,"minecraft:sand":1,"minecraft:light_gray_carpet":3,"minecraft:dirt":3},"minecraft:mined":{"minecraft:short_grass":3,"minecraft:grass_block":2,"minecraft:light_gray_carpet":3,"minecraft:sand":1,"minecraft:dirt":2,"minecraft:white_carpet":9,"minecraft:oak_leaves":7},"minecraft:used":{"minecraft:dirt":1}},"DataVersion":3955}