{"stats":{"minecraft:custom":{"minecraft:time_since_rest":35834,"minecraft:crouch_one_cm":190,"minecraft:play_time":35834,"minecraft:sprint_one_cm":34294,"minecraft:damage_taken":10,"minecraft:walk_one_cm":6011,"minecraft:sneak_time":292,"minecraft:mob_kills":7,"minecraft:jump":328,"minecraft:damage_dealt":885,"minecraft:leave_game":3,"minecraft:time_since_death":35834,"minecraft:total_world_time":35834,"minecraft:fall_one_cm":964,"minecraft:fly_one_cm":191847},"minecraft:killed":{"minecraft:sheep":3,"minecraft:spider":1,"minecraft:zombie":1,"minecraft:chicken":1,"minecraft:creeper":1},"minecraft:used":{"minecraft:white_wool":1,"minecraft:netherite_axe":14},"minecraft:picked_up":{"minecraft:chicken":1,"minecraft:rotten_flesh":1,"minecraft:gunpowder":1,"minecraft:mutton":4,"minecraft:string":1,"minecraft:white_wool":3,"minecraft:egg":2}},"DataVersion":3578}