{"stats":{"minecraft:mined":{"minecraft:oak_leaves":7},"minecraft:custom":{"minecraft:jump":107,"minecraft:time_since_rest":756,"minecraft:leave_game":1,"minecraft:damage_dealt":9,"minecraft:crouch_one_cm":3,"minecraft:deaths":1,"minecraft:sprint_one_cm":12106,"minecraft:play_time":5548,"minecraft:damage_taken":335,"minecraft:time_since_death":711,"minecraft:walk_one_cm":5697,"minecraft:sneak_time":6,"minecraft:total_world_time":5548,"minecraft:fall_one_cm":3839,"minecraft:fly_one_cm":17333},"minecraft:killed_by":{"minecraft:skeleton":1}},"DataVersion":3955}