{"stats":{"minecraft:picked_up":{"minecraft:birch_sapling":1,"minecraft:dirt":2},"minecraft:mined":{"minecraft:short_grass":1,"minecraft:birch_leaves":1,"minecraft:oak_leaves":5},"minecraft:custom":{"minecraft:jump":334,"minecraft:time_since_rest":13622,"minecraft:leave_game":1,"minecraft:sprint_one_cm":23423,"minecraft:play_time":13622,"minecraft:damage_taken":100,"minecraft:time_since_death":13622,"minecraft:walk_one_cm":34739,"minecraft:total_world_time":13622,"minecraft:fall_one_cm":11423,"minecraft:fly_one_cm":32260}},"DataVersion":3700}