{"stats":{"minecraft:broken":{"minecraft:stone_pickaxe":32},"minecraft:crafted":{"minecraft:oak_planks":16,"minecraft:cobblestone_slab":2916,"minecraft:baked_potato":10,"minecraft:iron_sword":1,"minecraft:air":0,"minecraft:glass":8,"minecraft:charcoal":3,"minecraft:stick":63,"minecraft:stone_pickaxe":22,"minecraft:stone_sword":2,"minecraft:chest":1,"minecraft:torch":4},"minecraft:used":{"minecraft:oak_trapdoor":4,"minecraft:water_bucket":1,"minecraft:stone_sword":37,"minecraft:writable_book":1,"minecraft:baked_potato":4,"minecraft:stone_pickaxe":3835,"minecraft:oak_planks":6,"minecraft:chest":1,"minecraft:wooden_pickaxe":4,"minecraft:iron_sword":1,"minecraft:cobblestone_slab":2028,"minecraft:rotten_flesh":17,"minecraft:torch":5,"minecraft:glow_berries":1,"minecraft:dirt":1,"minecraft:white_bed":3,"minecraft:golden_chestplate":2,"minecraft:glass":8,"minecraft:lava_bucket":4,"minecraft:cobblestone":11,"minecraft:stone_axe":16,"minecraft:smooth_basalt":4,"minecraft:scaffolding":1,"minecraft:written_book":3,"minecraft:oak_sapling":1,"minecraft:dark_oak_fence":86,"minecraft:bucket":3},"minecraft:dropped":{"minecraft:stone_sword":1,"minecraft:crossbow":1,"minecraft:cobblestone":388,"minecraft:leather":4,"minecraft:chest":1,"minecraft:gold_nugget":109,"minecraft:bamboo":2,"minecraft:sandstone":2,"minecraft:sand":15,"minecraft:stone_pickaxe":4},"minecraft:picked_up":{"minecraft:leather_leggings":1,"minecraft:leather":8,"minecraft:brown_mushroom":6,"minecraft:wooden_pickaxe":3,"minecraft:red_mushroom":6,"minecraft:oak_log":1,"minecraft:waxed_copper_block":11,"minecraft:brick":49,"minecraft:gunpowder":13,"minecraft:amethyst_block":1,"minecraft:oak_trapdoor":18,"minecraft:dark_oak_trapdoor":6,"minecraft:dirt":6,"minecraft:bone":17,"minecraft:stone_bricks":1,"minecraft:sea_pickle":1,"minecraft:bow":2,"minecraft:gold_nugget":129,"minecraft:candle":4,"minecraft:bucket":1,"minecraft:iron_ingot":5,"minecraft:stone_pickaxe":26,"minecraft:cobblestone_slab":270,"minecraft:calcite":8,"minecraft:bamboo":9,"minecraft:iron_sword":1,"minecraft:chest":1,"minecraft:oak_planks":7,"minecraft:scrape_pottery_sherd":2,"minecraft:scaffolding":4,"minecraft:stick":3,"minecraft:sandstone":2,"minecraft:smooth_basalt":9,"minecraft:glow_item_frame":1,"minecraft:oak_fence":1,"minecraft:polished_blackstone_bricks":4,"minecraft:sand":15,"minecraft:flow_pottery_sherd":1,"minecraft:ink_sac":7,"minecraft:white_bed":3,"minecraft:carrot":1,"minecraft:dark_oak_log":3,"minecraft:dark_oak_fence_gate":3,"minecraft:golden_chestplate":2,"minecraft:dark_oak_planks":4,"minecraft:stone_sword":2,"minecraft:arrow":45,"minecraft:rotten_flesh":95,"minecraft:diamond":1,"minecraft:stone_axe":1,"minecraft:writable_book":2,"minecraft:waxed_oxidized_cut_copper_stairs":4,"minecraft:crossbow":2,"minecraft:emerald":6,"minecraft:baked_potato":13,"minecraft:tuff_bricks":12,"minecraft:oak_sapling":1,"minecraft:glow_berries":1,"minecraft:dark_oak_fence":90,"minecraft:chiseled_tuff_bricks":1,"minecraft:cobblestone":2958,"minecraft:oxeye_daisy":1},"minecraft:killed_by":{"minecraft:piglin":1,"minecraft:player":3,"minecraft:skeleton":3},"minecraft:custom":{"minecraft:interact_with_furnace":11,"minecraft:mob_kills":46,"minecraft:inspect_hopper":3,"minecraft:interact_with_crafting_table":39,"minecraft:open_barrel":2,"minecraft:leave_game":8,"minecraft:time_since_death":153511,"minecraft:sleep_in_bed":6,"minecraft:climb_one_cm":13945,"minecraft:time_since_rest":7599,"minecraft:sprint_one_cm":509322,"minecraft:damage_taken":4390,"minecraft:walk_one_cm":538577,"minecraft:drop":38,"minecraft:damage_dealt":1498,"minecraft:swim_one_cm":235,"minecraft:talked_to_villager":13,"minecraft:fly_one_cm":1253642,"minecraft:open_chest":260,"minecraft:crouch_one_cm":209974,"minecraft:play_time":536112,"minecraft:deaths":16,"minecraft:sneak_time":61698,"minecraft:walk_under_water_one_cm":17874,"minecraft:jump":2483,"minecraft:walk_on_water_one_cm":12526,"minecraft:total_world_time":536112,"minecraft:fall_one_cm":34670,"minecraft:use_cauldron":1},"minecraft:killed":{"minecraft:creeper":13,"minecraft:skeleton":19,"minecraft:zombie":13},"minecraft:mined":{"minecraft:dark_oak_planks":4,"minecraft:large_amethyst_bud":1,"minecraft:scaffolding":1,"minecraft:brown_mushroom":6,"minecraft:candle":1,"minecraft:dark_oak_log":3,"minecraft:oak_fence":1,"minecraft:dark_oak_fence":10,"minecraft:cave_vines_plant":2,"minecraft:budding_amethyst":2,"minecraft:grass_block":1,"minecraft:calcite":8,"minecraft:decorated_pot":12,"minecraft:chest":1,"minecraft:cobblestone":3749,"minecraft:chiseled_tuff_bricks":1,"minecraft:red_mushroom":6,"minecraft:oak_planks":6,"minecraft:tuff_bricks":13,"minecraft:amethyst_block":1,"minecraft:polished_blackstone_bricks":4,"minecraft:oak_trapdoor":2,"minecraft:carrots":1,"minecraft:fire":1,"minecraft:waxed_oxidized_cut_copper_stairs":4,"minecraft:waxed_copper_block":11,"minecraft:mycelium":1,"minecraft:oak_log":1,"minecraft:cave_vines":2,"minecraft:cobblestone_slab":18,"minecraft:sand":8,"minecraft:dirt":1,"minecraft:smooth_basalt":9,"minecraft:cracked_stone_bricks":1,"minecraft:stone_bricks":1}},"DataVersion":3955}