{"stats":{"minecraft:crafted":{"minecraft:oak_planks":164,"minecraft:cooked_porkchop":2,"minecraft:crafting_table":1,"minecraft:bone_meal":3,"minecraft:stone_axe":1,"minecraft:jungle_planks":64,"minecraft:oak_boat":1,"minecraft:stick":12,"minecraft:stone_pickaxe":1,"minecraft:stone_sword":1,"minecraft:chest":4,"minecraft:gold_ingot":7},"minecraft:used":{"minecraft:stone_sword":12,"minecraft:stone_pickaxe":230,"minecraft:chest":5,"minecraft:rotten_flesh":1,"minecraft:orange_bed":2,"minecraft:crafting_table":2,"minecraft:bread":2,"minecraft:stone_axe":87,"minecraft:cobblestone":82,"minecraft:beef":2,"minecraft:cooked_porkchop":8,"minecraft:oak_boat":1,"minecraft:cooked_beef":1},"minecraft:custom":{"minecraft:interact_with_furnace":2,"minecraft:mob_kills":10,"minecraft:interact_with_crafting_table":5,"minecraft:open_barrel":1,"minecraft:leave_game":2,"minecraft:time_since_death":68989,"minecraft:sleep_in_bed":5,"minecraft:climb_one_cm":1542,"minecraft:time_since_rest":42718,"minecraft:sprint_one_cm":290165,"minecraft:damage_taken":1040,"minecraft:walk_one_cm":135905,"minecraft:drop":2,"minecraft:damage_dealt":1278,"minecraft:fly_one_cm":319630,"minecraft:open_chest":9,"minecraft:crouch_one_cm":8552,"minecraft:play_time":121502,"minecraft:deaths":2,"minecraft:sneak_time":3688,"minecraft:walk_under_water_one_cm":11723,"minecraft:boat_one_cm":899845,"minecraft:jump":1817,"minecraft:walk_on_water_one_cm":3993,"minecraft:total_world_time":121502,"minecraft:interact_with_smoker":2,"minecraft:fall_one_cm":59235},"minecraft:picked_up":{"minecraft:cocoa_beans":3,"minecraft:crafting_table":1,"minecraft:cooked_beef":1,"minecraft:jungle_log":16,"minecraft:andesite":14,"minecraft:leather":4,"minecraft:wooden_pickaxe":2,"minecraft:potato":1,"minecraft:oak_log":41,"minecraft:dirt":5,"minecraft:string":2,"minecraft:bone":1,"minecraft:wheat_seeds":10,"minecraft:gold_nugget":64,"minecraft:raw_gold":1,"minecraft:stone_pickaxe":1,"minecraft:beef":12,"minecraft:glowstone_dust":41,"minecraft:bamboo":172,"minecraft:chest":5,"minecraft:stone_hoe":1,"minecraft:raw_iron":16,"minecraft:stick":29,"minecraft:cooked_porkchop":7,"minecraft:torch":1,"minecraft:porkchop":2,"minecraft:diorite":10,"minecraft:redstone":7,"minecraft:spider_eye":1,"minecraft:orange_bed":4,"minecraft:arrow":2,"minecraft:rotten_flesh":2,"minecraft:stone_axe":2,"minecraft:bread":13,"minecraft:oak_sapling":5,"minecraft:netherrack":5,"minecraft:coal":123,"minecraft:cobblestone":94},"minecraft:broken":{"minecraft:stone_pickaxe":1},"minecraft:killed":{"minecraft:pig":1,"minecraft:spider":2,"minecraft:skeleton":2,"minecraft:zombie":1,"minecraft:cow":4},"minecraft:dropped":{"minecraft:wheat_seeds":2,"minecraft:orange_bed":1},"minecraft:mined":{"minecraft:nether_gold_ore":16,"minecraft:crimson_nylium":1,"minecraft:crafting_table":1,"minecraft:short_grass":23,"minecraft:grass_block":4,"minecraft:chest":5,"minecraft:tall_grass":5,"minecraft:cobblestone":7,"minecraft:glowstone":13,"minecraft:iron_ore":16,"minecraft:wheat":3,"minecraft:andesite":13,"minecraft:coal_ore":123,"minecraft:oak_log":38,"minecraft:dirt":1,"minecraft:bamboo":22,"minecraft:stone":35,"minecraft:netherrack":4,"minecraft:oak_leaves":4,"minecraft:fern":6},"minecraft:killed_by":{"minecraft:zombie":1,"minecraft:drowned":1}},"DataVersion":3700}