{"stats":{"minecraft:custom":{"minecraft:jump":324,"minecraft:time_since_rest":9021,"minecraft:leave_game":1,"minecraft:sprint_one_cm":48620,"minecraft:play_time":9021,"minecraft:damage_taken":120,"minecraft:time_since_death":9021,"minecraft:walk_one_cm":13829,"minecraft:total_world_time":9021,"minecraft:fall_one_cm":12971,"minecraft:fly_one_cm":67218},"minecraft:picked_up":{"minecraft:rotten_flesh":1,"minecraft:wheat_seeds":3},"minecraft:mined":{"minecraft:short_grass":5,"minecraft:tall_grass":5,"minecraft:oak_leaves":2}},"DataVersion":3700}