{"stats":{"minecraft:used":{"minecraft:water_bucket":1,"minecraft:writable_book":1,"minecraft:stone_sword":37,"minecraft:stone_pickaxe":3767,"minecraft:oak_planks":1,"minecraft:chest":1,"minecraft:wooden_pickaxe":4,"minecraft:cobblestone_slab":871,"minecraft:dirt":1,"minecraft:lava_bucket":3,"minecraft:smooth_basalt":4,"minecraft:oak_sapling":1,"minecraft:bucket":2},"minecraft:custom":{"minecraft:interact_with_furnace":3,"minecraft:mob_kills":46,"minecraft:interact_with_crafting_table":26,"minecraft:leave_game":6,"minecraft:time_since_death":39943,"minecraft:time_since_rest":39977,"minecraft:sprint_one_cm":224986,"minecraft:damage_taken":2465,"minecraft:walk_one_cm":191940,"minecraft:drop":32,"minecraft:damage_dealt":1368,"minecraft:fly_one_cm":273176,"minecraft:open_chest":115,"minecraft:crouch_one_cm":101976,"minecraft:deaths":10,"minecraft:play_time":296016,"minecraft:sneak_time":28199,"minecraft:walk_under_water_one_cm":10710,"minecraft:jump":1071,"minecraft:walk_on_water_one_cm":9585,"minecraft:total_world_time":296016,"minecraft:fall_one_cm":9693},"minecraft:mined":{"minecraft:large_amethyst_bud":1,"minecraft:brown_mushroom":6,"minecraft:budding_amethyst":2,"minecraft:grass_block":1,"minecraft:calcite":8,"minecraft:chest":1,"minecraft:cobblestone":3740,"minecraft:red_mushroom":6,"minecraft:amethyst_block":1,"minecraft:fire":1,"minecraft:oak_log":1,"minecraft:mycelium":1,"minecraft:cobblestone_slab":10,"minecraft:sand":8,"minecraft:dirt":1,"minecraft:smooth_basalt":9},"minecraft:crafted":{"minecraft:oak_planks":4,"minecraft:cobblestone_slab":1734,"minecraft:stick":42,"minecraft:stone_pickaxe":13,"minecraft:stone_sword":2,"minecraft:chest":1},"minecraft:picked_up":{"minecraft:leather_leggings":1,"minecraft:brown_mushroom":6,"minecraft:wooden_pickaxe":3,"minecraft:red_mushroom":6,"minecraft:oak_log":1,"minecraft:gunpowder":13,"minecraft:amethyst_block":1,"minecraft:dirt":6,"minecraft:bone":17,"minecraft:sea_pickle":1,"minecraft:bow":2,"minecraft:bucket":1,"minecraft:stone_pickaxe":24,"minecraft:cobblestone_slab":256,"minecraft:calcite":8,"minecraft:bamboo":9,"minecraft:chest":1,"minecraft:stick":3,"minecraft:sandstone":2,"minecraft:smooth_basalt":9,"minecraft:glow_item_frame":1,"minecraft:sand":15,"minecraft:ink_sac":7,"minecraft:stone_sword":1,"minecraft:arrow":20,"minecraft:rotten_flesh":15,"minecraft:writable_book":2,"minecraft:oak_sapling":1,"minecraft:cobblestone":2937,"minecraft:oxeye_daisy":1},"minecraft:broken":{"minecraft:stone_pickaxe":32},"minecraft:killed":{"minecraft:creeper":13,"minecraft:skeleton":19,"minecraft:zombie":13},"minecraft:killed_by":{"minecraft:player":3},"minecraft:dropped":{"minecraft:stone_sword":1,"minecraft:cobblestone":388,"minecraft:chest":1,"minecraft:bamboo":2,"minecraft:sandstone":2,"minecraft:sand":15,"minecraft:stone_pickaxe":3}},"DataVersion":3955}