{"stats":{"minecraft:used":{"minecraft:water_bucket":1,"minecraft:lava_bucket":3,"minecraft:writable_book":1,"minecraft:stone_pickaxe":3031,"minecraft:oak_planks":1,"minecraft:chest":1,"minecraft:wooden_pickaxe":4,"minecraft:cobblestone_slab":856,"minecraft:smooth_basalt":4,"minecraft:dirt":1,"minecraft:oak_sapling":1,"minecraft:bucket":2},"minecraft:mined":{"minecraft:large_amethyst_bud":1,"minecraft:brown_mushroom":6,"minecraft:fire":1,"minecraft:budding_amethyst":2,"minecraft:calcite":8,"minecraft:mycelium":1,"minecraft:grass_block":1,"minecraft:oak_log":1,"minecraft:cobblestone_slab":10,"minecraft:chest":1,"minecraft:sand":8,"minecraft:dirt":1,"minecraft:smooth_basalt":9,"minecraft:cobblestone":3004,"minecraft:red_mushroom":6,"minecraft:amethyst_block":1},"minecraft:custom":{"minecraft:time_since_rest":7999,"minecraft:interact_with_furnace":1,"minecraft:sprint_one_cm":221356,"minecraft:damage_taken":2465,"minecraft:walk_one_cm":175365,"minecraft:mob_kills":1,"minecraft:drop":32,"minecraft:damage_dealt":678,"minecraft:interact_with_crafting_table":20,"minecraft:fly_one_cm":271631,"minecraft:open_chest":74,"minecraft:crouch_one_cm":99425,"minecraft:play_time":264038,"minecraft:deaths":10,"minecraft:sneak_time":27726,"minecraft:walk_under_water_one_cm":10710,"minecraft:jump":1041,"minecraft:leave_game":5,"minecraft:walk_on_water_one_cm":9409,"minecraft:time_since_death":7965,"minecraft:total_world_time":264038,"minecraft:fall_one_cm":9693},"minecraft:crafted":{"minecraft:oak_planks":4,"minecraft:cobblestone_slab":1110,"minecraft:stick":40,"minecraft:stone_pickaxe":13,"minecraft:stone_sword":1,"minecraft:chest":1},"minecraft:picked_up":{"minecraft:stick":3,"minecraft:sandstone":2,"minecraft:smooth_basalt":9,"minecraft:glow_item_frame":1,"minecraft:brown_mushroom":6,"minecraft:wooden_pickaxe":3,"minecraft:red_mushroom":6,"minecraft:sand":15,"minecraft:oak_log":1,"minecraft:ink_sac":7,"minecraft:amethyst_block":1,"minecraft:dirt":6,"minecraft:stone_sword":1,"minecraft:sea_pickle":1,"minecraft:writable_book":2,"minecraft:bucket":1,"minecraft:stone_pickaxe":23,"minecraft:calcite":8,"minecraft:cobblestone_slab":256,"minecraft:bamboo":9,"minecraft:oak_sapling":1,"minecraft:chest":1,"minecraft:cobblestone":2301,"minecraft:oxeye_daisy":1},"minecraft:broken":{"minecraft:stone_pickaxe":25},"minecraft:killed_by":{"minecraft:player":3},"minecraft:dropped":{"minecraft:stone_sword":1,"minecraft:chest":1,"minecraft:cobblestone":388,"minecraft:bamboo":2,"minecraft:sandstone":2,"minecraft:sand":15,"minecraft:stone_pickaxe":3}},"DataVersion":3955}