{"stats":{"minecraft:used":{"minecraft:water_bucket":1,"minecraft:writable_book":1,"minecraft:stone_sword":37,"minecraft:stone_pickaxe":3814,"minecraft:oak_planks":5,"minecraft:chest":1,"minecraft:wooden_pickaxe":4,"minecraft:cobblestone_slab":1503,"minecraft:glow_berries":1,"minecraft:dirt":1,"minecraft:lava_bucket":4,"minecraft:smooth_basalt":4,"minecraft:written_book":3,"minecraft:oak_sapling":1,"minecraft:bucket":3},"minecraft:custom":{"minecraft:interact_with_furnace":3,"minecraft:mob_kills":46,"minecraft:interact_with_crafting_table":32,"minecraft:leave_game":6,"minecraft:time_since_death":31441,"minecraft:sleep_in_bed":2,"minecraft:climb_one_cm":394,"minecraft:time_since_rest":7149,"minecraft:sprint_one_cm":319454,"minecraft:damage_taken":2990,"minecraft:walk_one_cm":340414,"minecraft:drop":33,"minecraft:damage_dealt":1368,"minecraft:swim_one_cm":235,"minecraft:fly_one_cm":274246,"minecraft:open_chest":178,"minecraft:crouch_one_cm":162363,"minecraft:deaths":12,"minecraft:play_time":350016,"minecraft:sneak_time":43209,"minecraft:walk_under_water_one_cm":17874,"minecraft:jump":1160,"minecraft:walk_on_water_one_cm":11435,"minecraft:total_world_time":350016,"minecraft:use_cauldron":1,"minecraft:fall_one_cm":11044},"minecraft:mined":{"minecraft:large_amethyst_bud":1,"minecraft:brown_mushroom":6,"minecraft:candle":1,"minecraft:oak_fence":1,"minecraft:cave_vines_plant":2,"minecraft:budding_amethyst":2,"minecraft:grass_block":1,"minecraft:calcite":8,"minecraft:decorated_pot":11,"minecraft:chest":1,"minecraft:cobblestone":3740,"minecraft:chiseled_tuff_bricks":1,"minecraft:oak_planks":6,"minecraft:red_mushroom":6,"minecraft:tuff_bricks":13,"minecraft:amethyst_block":1,"minecraft:waxed_oxidized_cut_copper_stairs":4,"minecraft:fire":1,"minecraft:waxed_copper_block":11,"minecraft:cave_vines":2,"minecraft:oak_log":1,"minecraft:mycelium":1,"minecraft:cobblestone_slab":11,"minecraft:sand":8,"minecraft:dirt":1,"minecraft:cracked_stone_bricks":1,"minecraft:smooth_basalt":9,"minecraft:stone_bricks":1},"minecraft:crafted":{"minecraft:oak_planks":16,"minecraft:cobblestone_slab":2280,"minecraft:stick":60,"minecraft:stone_pickaxe":22,"minecraft:stone_sword":2,"minecraft:chest":1},"minecraft:picked_up":{"minecraft:leather_leggings":1,"minecraft:brown_mushroom":6,"minecraft:wooden_pickaxe":3,"minecraft:red_mushroom":6,"minecraft:oak_log":1,"minecraft:waxed_copper_block":11,"minecraft:brick":41,"minecraft:gunpowder":13,"minecraft:amethyst_block":1,"minecraft:dirt":6,"minecraft:bone":17,"minecraft:stone_bricks":1,"minecraft:sea_pickle":1,"minecraft:bow":2,"minecraft:candle":4,"minecraft:bucket":1,"minecraft:iron_ingot":5,"minecraft:stone_pickaxe":24,"minecraft:cobblestone_slab":258,"minecraft:calcite":8,"minecraft:bamboo":9,"minecraft:chest":1,"minecraft:oak_planks":6,"minecraft:scrape_pottery_sherd":2,"minecraft:stick":3,"minecraft:sandstone":2,"minecraft:smooth_basalt":9,"minecraft:glow_item_frame":1,"minecraft:oak_fence":1,"minecraft:flow_pottery_sherd":1,"minecraft:sand":15,"minecraft:ink_sac":7,"minecraft:stone_sword":1,"minecraft:arrow":41,"minecraft:rotten_flesh":15,"minecraft:diamond":1,"minecraft:writable_book":2,"minecraft:waxed_oxidized_cut_copper_stairs":4,"minecraft:emerald":6,"minecraft:tuff_bricks":12,"minecraft:oak_sapling":1,"minecraft:glow_berries":1,"minecraft:chiseled_tuff_bricks":1,"minecraft:cobblestone":2947,"minecraft:oxeye_daisy":1},"minecraft:broken":{"minecraft:stone_pickaxe":32},"minecraft:killed":{"minecraft:creeper":13,"minecraft:skeleton":19,"minecraft:zombie":13},"minecraft:killed_by":{"minecraft:player":3},"minecraft:dropped":{"minecraft:stone_sword":1,"minecraft:cobblestone":388,"minecraft:chest":1,"minecraft:bamboo":2,"minecraft:sandstone":2,"minecraft:sand":15,"minecraft:stone_pickaxe":4}},"DataVersion":3955}