{"stats":{"minecraft:custom":{"minecraft:jump":371,"minecraft:time_since_rest":25492,"minecraft:leave_game":1,"minecraft:crouch_one_cm":1374,"minecraft:sprint_one_cm":39546,"minecraft:play_time":25492,"minecraft:walk_on_water_one_cm":195,"minecraft:time_since_death":25492,"minecraft:walk_one_cm":14692,"minecraft:sneak_time":2434,"minecraft:total_world_time":25492,"minecraft:fly_one_cm":917866,"minecraft:aviate_one_cm":74680},"minecraft:used":{"minecraft:elytra":1,"minecraft:blackstone":1,"minecraft:dark_prismarine":1,"minecraft:prismarine_bricks":2}},"DataVersion":3578}