{"stats":{"minecraft:mined":{"minecraft:short_grass":1,"minecraft:grass_block":13,"minecraft:dirt":26,"minecraft:blue_bed":2},"minecraft:picked_up":{"minecraft:torch":1,"minecraft:bowl":1,"minecraft:wheat_seeds":2,"minecraft:rabbit_hide":1,"minecraft:stripped_spruce_wood":9,"minecraft:rabbit":2,"minecraft:snowball":8,"minecraft:blue_bed":2,"minecraft:dirt":40,"minecraft:cobblestone":30},"minecraft:custom":{"minecraft:time_since_rest":16357,"minecraft:open_chest":7,"minecraft:play_time":21382,"minecraft:crouch_one_cm":4128,"minecraft:interact_with_furnace":1,"minecraft:sprint_one_cm":42524,"minecraft:damage_taken":50,"minecraft:walk_one_cm":58700,"minecraft:sneak_time":928,"minecraft:jump":398,"minecraft:damage_dealt":44,"minecraft:leave_game":1,"minecraft:time_since_death":21382,"minecraft:sleep_in_bed":1,"minecraft:total_world_time":21382,"minecraft:player_kills":1,"minecraft:fall_one_cm":10993,"minecraft:fly_one_cm":94630,"minecraft:horse_one_cm":3466},"minecraft:used":{"minecraft:dirt":4,"minecraft:flint_and_steel":3,"minecraft:tnt":15,"minecraft:rabbit":2}},"DataVersion":3839}