{"stats":{"minecraft:used":{"minecraft:water_bucket":1,"minecraft:writable_book":1,"minecraft:stone_sword":37,"minecraft:stone_pickaxe":3770,"minecraft:oak_planks":1,"minecraft:chest":1,"minecraft:wooden_pickaxe":4,"minecraft:cobblestone_slab":939,"minecraft:dirt":1,"minecraft:lava_bucket":4,"minecraft:smooth_basalt":4,"minecraft:oak_sapling":1,"minecraft:bucket":3},"minecraft:custom":{"minecraft:interact_with_furnace":3,"minecraft:mob_kills":46,"minecraft:interact_with_crafting_table":31,"minecraft:leave_game":6,"minecraft:time_since_death":10581,"minecraft:time_since_rest":10621,"minecraft:sprint_one_cm":297396,"minecraft:damage_taken":2665,"minecraft:walk_one_cm":223349,"minecraft:drop":33,"minecraft:damage_dealt":1368,"minecraft:swim_one_cm":235,"minecraft:fly_one_cm":273660,"minecraft:open_chest":146,"minecraft:crouch_one_cm":110012,"minecraft:deaths":11,"minecraft:play_time":308016,"minecraft:sneak_time":30009,"minecraft:walk_under_water_one_cm":10984,"minecraft:jump":1099,"minecraft:walk_on_water_one_cm":10511,"minecraft:total_world_time":308016,"minecraft:use_cauldron":1,"minecraft:fall_one_cm":10173},"minecraft:mined":{"minecraft:large_amethyst_bud":1,"minecraft:brown_mushroom":6,"minecraft:budding_amethyst":2,"minecraft:grass_block":1,"minecraft:calcite":8,"minecraft:chest":1,"minecraft:cobblestone":3740,"minecraft:red_mushroom":6,"minecraft:amethyst_block":1,"minecraft:fire":1,"minecraft:oak_log":1,"minecraft:mycelium":1,"minecraft:cobblestone_slab":11,"minecraft:sand":8,"minecraft:dirt":1,"minecraft:cracked_stone_bricks":1,"minecraft:smooth_basalt":9,"minecraft:stone_bricks":1},"minecraft:crafted":{"minecraft:oak_planks":12,"minecraft:cobblestone_slab":1734,"minecraft:stick":60,"minecraft:stone_pickaxe":22,"minecraft:stone_sword":2,"minecraft:chest":1},"minecraft:picked_up":{"minecraft:leather_leggings":1,"minecraft:brown_mushroom":6,"minecraft:wooden_pickaxe":3,"minecraft:red_mushroom":6,"minecraft:oak_log":1,"minecraft:gunpowder":13,"minecraft:amethyst_block":1,"minecraft:dirt":6,"minecraft:bone":17,"minecraft:stone_bricks":1,"minecraft:sea_pickle":1,"minecraft:bow":2,"minecraft:bucket":1,"minecraft:stone_pickaxe":24,"minecraft:cobblestone_slab":258,"minecraft:calcite":8,"minecraft:bamboo":9,"minecraft:chest":1,"minecraft:stick":3,"minecraft:sandstone":2,"minecraft:smooth_basalt":9,"minecraft:glow_item_frame":1,"minecraft:sand":15,"minecraft:ink_sac":7,"minecraft:stone_sword":1,"minecraft:arrow":20,"minecraft:rotten_flesh":15,"minecraft:writable_book":2,"minecraft:oak_sapling":1,"minecraft:cobblestone":2947,"minecraft:oxeye_daisy":1},"minecraft:broken":{"minecraft:stone_pickaxe":32},"minecraft:killed":{"minecraft:creeper":13,"minecraft:skeleton":19,"minecraft:zombie":13},"minecraft:killed_by":{"minecraft:player":3},"minecraft:dropped":{"minecraft:stone_sword":1,"minecraft:cobblestone":388,"minecraft:chest":1,"minecraft:bamboo":2,"minecraft:sandstone":2,"minecraft:sand":15,"minecraft:stone_pickaxe":4}},"DataVersion":3955}