{"stats":{"minecraft:picked_up":{"minecraft:bone":2,"minecraft:dandelion":1,"minecraft:poisonous_potato":1,"minecraft:bread":8,"minecraft:string":1,"minecraft:lantern":3},"minecraft:custom":{"minecraft:open_chest":3,"minecraft:time_since_rest":12426,"minecraft:crouch_one_cm":509,"minecraft:play_time":12426,"minecraft:sprint_one_cm":9980,"minecraft:damage_taken":10,"minecraft:walk_one_cm":17489,"minecraft:sneak_time":1547,"minecraft:mob_kills":2,"minecraft:drop":19,"minecraft:jump":74,"minecraft:damage_dealt":331,"minecraft:leave_game":1,"minecraft:time_since_death":12426,"minecraft:total_world_time":12426,"minecraft:fall_one_cm":1161,"minecraft:fly_one_cm":359907},"minecraft:dropped":{"minecraft:redstone_lamp":1,"minecraft:daylight_detector":1,"minecraft:bread":16,"minecraft:spruce_leaves":1},"minecraft:killed":{"minecraft:skeleton":1,"minecraft:spider":1},"minecraft:mined":{"minecraft:grass":4,"minecraft:tall_grass":3,"minecraft:dandelion":1},"minecraft:used":{"minecraft:grass_block":1,"minecraft:bread":5,"minecraft:iron_sword":5,"minecraft:spruce_leaves":1}},"DataVersion":3578}