{"stats":{"minecraft:broken":{"minecraft:leather_helmet":2,"minecraft:golden_boots":2,"minecraft:stone_sword":8,"minecraft:leather_chestplate":2,"minecraft:stone_hoe":1,"minecraft:stone_pickaxe":28,"minecraft:leather_boots":1,"minecraft:stone_axe":3,"minecraft:stone_shovel":2},"minecraft:crafted":{"minecraft:coarse_dirt":292,"minecraft:grindstone":1,"minecraft:oak_planks":480,"minecraft:cobblestone_slab":4486,"minecraft:stone_shovel":4,"minecraft:barrel":1,"minecraft:furnace":1,"minecraft:dark_oak_trapdoor":396,"minecraft:cobblestone_stairs":4,"minecraft:stone":10,"minecraft:bone_meal":600,"minecraft:oak_trapdoor":84,"minecraft:scaffolding":42,"minecraft:bamboo_block":62,"minecraft:hopper":1,"minecraft:bow":9,"minecraft:polished_blackstone":112,"minecraft:stone_pickaxe":46,"minecraft:chest":11,"minecraft:dark_oak_planks":1424,"minecraft:stone_hoe":5,"minecraft:oak_fence":15,"minecraft:golden_helmet":1,"minecraft:golden_boots":1,"minecraft:cooked_cod":6,"minecraft:cauldron":1,"minecraft:crafting_table":3,"minecraft:wooden_pickaxe":1,"minecraft:baked_potato":67,"minecraft:bucket":1,"minecraft:stone_axe":13,"minecraft:air":0,"minecraft:oak_fence_gate":1,"minecraft:oak_boat":5,"minecraft:bamboo_planks":124,"minecraft:dark_oak_slab":6,"minecraft:white_wool":3,"minecraft:charcoal":31,"minecraft:golden_apple":2,"minecraft:golden_leggings":1,"minecraft:gold_nugget":5,"minecraft:stick":119,"minecraft:stone_slab":6,"minecraft:iron_ingot":3,"minecraft:stone_sword":11,"minecraft:gold_ingot":110,"minecraft:white_bed":1,"minecraft:polished_blackstone_bricks":112,"minecraft:torch":44,"minecraft:bamboo_trapdoor":34},"minecraft:used":{"minecraft:oak_fence":11,"minecraft:oak_trapdoor":78,"minecraft:writable_book":1,"minecraft:stone_sword":1065,"minecraft:stone_shovel":314,"minecraft:chest":15,"minecraft:stone_hoe":528,"minecraft:rotten_flesh":56,"minecraft:torch":70,"minecraft:dirt":205,"minecraft:hopper":1,"minecraft:carrot":54,"minecraft:golden_chestplate":2,"minecraft:oak_fence_gate":1,"minecraft:dark_oak_planks":4,"minecraft:lava_bucket":38,"minecraft:barrel":1,"minecraft:bamboo":91,"minecraft:bow":52,"minecraft:written_book":2,"minecraft:scaffolding":93,"minecraft:furnace":1,"minecraft:oak_sapling":48,"minecraft:cooked_cod":6,"minecraft:potato":101,"minecraft:bamboo_planks":4,"minecraft:pointed_dripstone":14,"minecraft:dark_oak_sapling":52,"minecraft:golden_boots":1,"minecraft:bamboo_trapdoor":34,"minecraft:water_bucket":76,"minecraft:leather_leggings":5,"minecraft:cobblestone_stairs":9,"minecraft:stone_pickaxe":4753,"minecraft:baked_potato":22,"minecraft:oak_planks":19,"minecraft:leather_chestplate":2,"minecraft:wooden_pickaxe":16,"minecraft:cauldron":5,"minecraft:leather_boots":1,"minecraft:cobblestone_slab":4388,"minecraft:polished_blackstone_bricks":47,"minecraft:glow_item_frame":1,"minecraft:dark_oak_trapdoor":407,"minecraft:crafting_table":5,"minecraft:white_bed":3,"minecraft:oak_log":13,"minecraft:apple":11,"minecraft:crying_obsidian":1,"minecraft:dark_oak_log":1,"minecraft:chicken":1,"minecraft:stone_slab":6,"minecraft:golden_leggings":4,"minecraft:golden_helmet":2,"minecraft:stone_axe":787,"minecraft:cobblestone":1493,"minecraft:grindstone":2,"minecraft:poisonous_potato":1,"minecraft:bucket":113,"minecraft:ice":1,"minecraft:oak_boat":5,"minecraft:sea_pickle":5,"minecraft:coarse_dirt":250,"minecraft:bone_meal":418,"minecraft:chainmail_leggings":1},"minecraft:picked_up":{"minecraft:coarse_dirt":6,"minecraft:crafting_table":3,"minecraft:chainmail_boots":1,"minecraft:splash_potion":2,"minecraft:chicken":6,"minecraft:leather_leggings":8,"minecraft:stone_slab":2,"minecraft:potion":6,"minecraft:turtle_egg":2,"minecraft:nether_brick":54,"minecraft:golden_sword":49,"minecraft:string":51,"minecraft:oak_trapdoor":10,"minecraft:dark_oak_trapdoor":11,"minecraft:pufferfish":1,"minecraft:iron_shovel":3,"minecraft:blackstone":123,"minecraft:sea_pickle":4,"minecraft:gold_nugget":1000,"minecraft:bucket":2,"minecraft:oak_boat":1,"minecraft:cobblestone_slab":1093,"minecraft:iron_nugget":29,"minecraft:poppy":1,"minecraft:chest":5,"minecraft:golden_helmet":2,"minecraft:dark_oak_sapling":57,"minecraft:stick":112,"minecraft:glow_item_frame":1,"minecraft:torch":60,"minecraft:fire_charge":3,"minecraft:polished_blackstone_bricks":8,"minecraft:pointed_dripstone":17,"minecraft:carrot":65,"minecraft:redstone":39,"minecraft:golden_chestplate":8,"minecraft:cauldron":5,"minecraft:rotten_flesh":1792,"minecraft:cactus":3,"minecraft:stone_sword":5,"minecraft:arrow":822,"minecraft:stone_shovel":1,"minecraft:gold_ingot":17,"minecraft:obsidian":8,"minecraft:iron_bars":1,"minecraft:cod":7,"minecraft:cobblestone":3860,"minecraft:leather_chestplate":5,"minecraft:dune_armor_trim_smithing_template":1,"minecraft:feather":6,"minecraft:water_bucket":1,"minecraft:leather":24,"minecraft:golden_leggings":8,"minecraft:potato":202,"minecraft:oak_log":244,"minecraft:golden_boots":8,"minecraft:gunpowder":768,"minecraft:cobblestone_stairs":7,"minecraft:dirt":388,"minecraft:leather_boots":3,"minecraft:bone":683,"minecraft:apple":15,"minecraft:bow":50,"minecraft:wheat_seeds":2,"minecraft:iron_ingot":12,"minecraft:grindstone":2,"minecraft:stone_pickaxe":18,"minecraft:glass_bottle":6,"minecraft:bamboo":865,"minecraft:oak_planks":14,"minecraft:soul_sand":23,"minecraft:music_disc_chirp":1,"minecraft:scaffolding":247,"minecraft:bamboo_planks":4,"minecraft:quartz":14,"minecraft:dandelion":1,"minecraft:poisonous_potato":3,"minecraft:gravel":146,"minecraft:sand":22,"minecraft:white_bed":2,"minecraft:crying_obsidian":21,"minecraft:spectral_arrow":65,"minecraft:dark_oak_log":410,"minecraft:spider_eye":1,"minecraft:leather_helmet":7,"minecraft:oak_wood":3,"minecraft:music_disc_mall":1,"minecraft:sugar":6,"minecraft:stone_axe":10,"minecraft:writable_book":1,"minecraft:chainmail_leggings":1,"minecraft:bone_meal":85,"minecraft:golden_apple":10,"minecraft:baked_potato":54,"minecraft:oak_sapling":129,"minecraft:ender_pearl":4},"minecraft:dropped":{"minecraft:golden_boots":1,"minecraft:golden_helmet":1,"minecraft:oak_fence":4,"minecraft:cobblestone":29,"minecraft:golden_apple":4,"minecraft:potion":5,"minecraft:writable_book":1,"minecraft:bucket":1,"minecraft:gold_ingot":29,"minecraft:stone_axe":4,"minecraft:golden_chestplate":2,"minecraft:obsidian":10,"minecraft:chicken":2,"minecraft:rotten_flesh":325,"minecraft:cobblestone_slab":167,"minecraft:golden_sword":49,"minecraft:wooden_pickaxe":2,"minecraft:stone_pickaxe":2,"minecraft:splash_potion":2},"minecraft:killed_by":{"minecraft:zombie_villager":14,"minecraft:zombified_piglin":1,"minecraft:witch":11},"minecraft:custom":{"minecraft:mob_kills":2243,"minecraft:inspect_hopper":1,"minecraft:interact_with_crafting_table":150,"minecraft:open_barrel":2,"minecraft:leave_game":12,"minecraft:time_since_death":125608,"minecraft:climb_one_cm":39338,"minecraft:sprint_one_cm":960687,"minecraft:walk_one_cm":2125050,"minecraft:drop":116,"minecraft:talked_to_villager":1,"minecraft:play_time":931393,"minecraft:deaths":36,"minecraft:sneak_time":188680,"minecraft:walk_under_water_one_cm":46029,"minecraft:boat_one_cm":155802,"minecraft:jump":4479,"minecraft:walk_on_water_one_cm":123560,"minecraft:total_world_time":931393,"minecraft:interact_with_furnace":42,"minecraft:interact_with_grindstone":2,"minecraft:sleep_in_bed":21,"minecraft:time_since_rest":8021,"minecraft:damage_taken":11358,"minecraft:damage_dealt":17513,"minecraft:fly_one_cm":727540,"minecraft:player_kills":1,"minecraft:open_chest":819,"minecraft:crouch_one_cm":842071,"minecraft:fall_one_cm":34271,"minecraft:use_cauldron":11},"minecraft:killed":{"minecraft:zombified_piglin":6,"minecraft:witch":7,"minecraft:spider":3,"minecraft:cod":3,"minecraft:pufferfish":1,"minecraft:skeleton":507,"minecraft:chicken":4,"minecraft:tropical_fish":9,"minecraft:piglin":2,"minecraft:zombie_villager":3,"minecraft:creeper":595,"minecraft:zombie":593},"minecraft:mined":{"minecraft:white_bed":2,"minecraft:oak_sapling":13,"minecraft:farmland":107,"minecraft:dark_oak_leaves":85,"minecraft:cobblestone_stairs":7,"minecraft:dark_oak_log":366,"minecraft:grass_block":81,"minecraft:polished_blackstone_bricks":8,"minecraft:oak_trapdoor":10,"minecraft:carrots":18,"minecraft:dark_oak_trapdoor":11,"minecraft:fire":19,"minecraft:potatoes":57,"minecraft:pointed_dripstone":15,"minecraft:cobblestone_slab":391,"minecraft:iron_bars":1,"minecraft:bamboo":172,"minecraft:scaffolding":61,"minecraft:dandelion":1,"minecraft:crafting_table":3,"minecraft:torch":51,"minecraft:short_grass":22,"minecraft:poppy":1,"minecraft:chest":5,"minecraft:stone_slab":2,"minecraft:cobblestone":4276,"minecraft:tall_grass":2,"minecraft:grindstone":2,"minecraft:oak_planks":14,"minecraft:cauldron":5,"minecraft:seagrass":5,"minecraft:coarse_dirt":6,"minecraft:bamboo_planks":4,"minecraft:sea_pickle":5,"minecraft:ice":1,"minecraft:oak_log":213,"minecraft:dark_oak_sapling":12,"minecraft:dirt":215,"minecraft:oak_leaves":255}},"DataVersion":3955}