{"stats":{"minecraft:used":{"minecraft:oak_trapdoor":72,"minecraft:bamboo_trapdoor":34,"minecraft:water_bucket":48,"minecraft:writable_book":1,"minecraft:stone_sword":324,"minecraft:cobblestone_stairs":7,"minecraft:stone_shovel":14,"minecraft:stone_pickaxe":958,"minecraft:oak_planks":4,"minecraft:chest":5,"minecraft:wooden_pickaxe":16,"minecraft:cobblestone_slab":1618,"minecraft:stone_hoe":44,"minecraft:rotten_flesh":12,"minecraft:glow_item_frame":1,"minecraft:torch":69,"minecraft:dirt":83,"minecraft:crafting_table":3,"minecraft:oak_log":9,"minecraft:apple":2,"minecraft:lava_bucket":5,"minecraft:golden_leggings":1,"minecraft:bamboo":91,"minecraft:stone_axe":276,"minecraft:cobblestone":1430,"minecraft:written_book":2,"minecraft:furnace":1,"minecraft:oak_sapling":34,"minecraft:cooked_cod":6,"minecraft:bucket":53,"minecraft:ice":1,"minecraft:oak_boat":1,"minecraft:sea_pickle":5,"minecraft:bone_meal":13,"minecraft:bamboo_planks":4},"minecraft:mined":{"minecraft:oak_sapling":12,"minecraft:cobblestone_stairs":5,"minecraft:dandelion":1,"minecraft:crafting_table":2,"minecraft:torch":50,"minecraft:short_grass":16,"minecraft:grass_block":49,"minecraft:poppy":1,"minecraft:chest":3,"minecraft:tall_grass":1,"minecraft:cobblestone":818,"minecraft:oak_planks":3,"minecraft:oak_trapdoor":4,"minecraft:bamboo_planks":4,"minecraft:sea_pickle":4,"minecraft:fire":7,"minecraft:ice":1,"minecraft:oak_log":141,"minecraft:cobblestone_slab":123,"minecraft:dirt":43,"minecraft:bamboo":172,"minecraft:oak_leaves":156},"minecraft:custom":{"minecraft:interact_with_furnace":21,"minecraft:mob_kills":310,"minecraft:interact_with_crafting_table":60,"minecraft:leave_game":6,"minecraft:time_since_death":37546,"minecraft:climb_one_cm":173,"minecraft:time_since_rest":37577,"minecraft:sprint_one_cm":239385,"minecraft:walk_one_cm":682631,"minecraft:damage_taken":2274,"minecraft:drop":9,"minecraft:damage_dealt":3664,"minecraft:fly_one_cm":212569,"minecraft:player_kills":1,"minecraft:open_chest":209,"minecraft:crouch_one_cm":334981,"minecraft:play_time":285884,"minecraft:deaths":7,"minecraft:sneak_time":75556,"minecraft:walk_under_water_one_cm":42304,"minecraft:boat_one_cm":9798,"minecraft:jump":1676,"minecraft:walk_on_water_one_cm":94043,"minecraft:total_world_time":285884,"minecraft:fall_one_cm":16064},"minecraft:crafted":{"minecraft:cooked_cod":6,"minecraft:oak_planks":324,"minecraft:cobblestone_slab":1872,"minecraft:stone_shovel":1,"minecraft:crafting_table":2,"minecraft:wooden_pickaxe":1,"minecraft:furnace":1,"minecraft:cobblestone_stairs":4,"minecraft:bone_meal":84,"minecraft:stone_axe":3,"minecraft:air":0,"minecraft:oak_trapdoor":82,"minecraft:bamboo_block":62,"minecraft:oak_boat":1,"minecraft:bamboo_planks":124,"minecraft:white_wool":3,"minecraft:charcoal":31,"minecraft:stick":28,"minecraft:white_bed":1,"minecraft:stone_pickaxe":13,"minecraft:stone_sword":4,"minecraft:chest":2,"minecraft:torch":44,"minecraft:stone_hoe":1,"minecraft:bamboo_trapdoor":34},"minecraft:picked_up":{"minecraft:crafting_table":2,"minecraft:dune_armor_trim_smithing_template":1,"minecraft:chainmail_boots":1,"minecraft:golden_leggings":5,"minecraft:turtle_egg":2,"minecraft:oak_log":145,"minecraft:golden_boots":2,"minecraft:gunpowder":115,"minecraft:cobblestone_stairs":5,"minecraft:string":12,"minecraft:dirt":79,"minecraft:oak_trapdoor":4,"minecraft:pufferfish":1,"minecraft:bone":144,"minecraft:apple":3,"minecraft:sea_pickle":3,"minecraft:bow":14,"minecraft:wheat_seeds":1,"minecraft:stone_pickaxe":2,"minecraft:iron_ingot":6,"minecraft:cobblestone_slab":399,"minecraft:poppy":1,"minecraft:bamboo":865,"minecraft:chest":3,"minecraft:oak_planks":2,"minecraft:music_disc_chirp":1,"minecraft:stick":35,"minecraft:bamboo_planks":4,"minecraft:glow_item_frame":1,"minecraft:torch":55,"minecraft:dandelion":1,"minecraft:sand":22,"minecraft:redstone":7,"minecraft:golden_chestplate":2,"minecraft:music_disc_mall":1,"minecraft:rotten_flesh":104,"minecraft:oak_wood":3,"minecraft:cactus":3,"minecraft:arrow":137,"minecraft:stone_shovel":1,"minecraft:writable_book":1,"minecraft:bone_meal":57,"minecraft:oak_sapling":85,"minecraft:cod":7,"minecraft:cobblestone":890},"minecraft:broken":{"minecraft:stone_pickaxe":2,"minecraft:stone_sword":2,"minecraft:stone_axe":1},"minecraft:killed":{"minecraft:witch":1,"minecraft:cod":3,"minecraft:creeper":94,"minecraft:pufferfish":1,"minecraft:skeleton":103,"minecraft:zombie":93,"minecraft:tropical_fish":9},"minecraft:killed_by":{"minecraft:witch":2},"minecraft:dropped":{"minecraft:obsidian":10,"minecraft:cobblestone":29,"minecraft:cobblestone_slab":38,"minecraft:writable_book":1,"minecraft:stone_pickaxe":2,"minecraft:wooden_pickaxe":2,"minecraft:bucket":1}},"DataVersion":3955}