{"stats":{"minecraft:used":{"minecraft:oak_trapdoor":72,"minecraft:writable_book":1,"minecraft:stone_sword":643,"minecraft:stone_shovel":14,"minecraft:chest":13,"minecraft:stone_hoe":50,"minecraft:rotten_flesh":34,"minecraft:torch":69,"minecraft:dirt":83,"minecraft:golden_chestplate":1,"minecraft:lava_bucket":9,"minecraft:bamboo":91,"minecraft:written_book":2,"minecraft:scaffolding":27,"minecraft:oak_sapling":41,"minecraft:furnace":1,"minecraft:cooked_cod":6,"minecraft:potato":37,"minecraft:bamboo_planks":4,"minecraft:pointed_dripstone":7,"minecraft:bamboo_trapdoor":34,"minecraft:water_bucket":53,"minecraft:leather_leggings":2,"minecraft:cobblestone_stairs":7,"minecraft:stone_pickaxe":2319,"minecraft:baked_potato":2,"minecraft:oak_planks":4,"minecraft:leather_chestplate":2,"minecraft:wooden_pickaxe":16,"minecraft:cauldron":3,"minecraft:cobblestone_slab":2124,"minecraft:glow_item_frame":1,"minecraft:crafting_table":3,"minecraft:white_bed":1,"minecraft:oak_log":9,"minecraft:apple":2,"minecraft:golden_leggings":2,"minecraft:stone_axe":327,"minecraft:cobblestone":1446,"minecraft:bucket":61,"minecraft:ice":1,"minecraft:oak_boat":1,"minecraft:sea_pickle":5,"minecraft:bone_meal":88,"minecraft:chainmail_leggings":1},"minecraft:custom":{"minecraft:mob_kills":992,"minecraft:interact_with_crafting_table":72,"minecraft:leave_game":8,"minecraft:time_since_death":206641,"minecraft:climb_one_cm":6801,"minecraft:sprint_one_cm":395691,"minecraft:walk_one_cm":1094340,"minecraft:drop":9,"minecraft:play_time":454979,"minecraft:deaths":7,"minecraft:sneak_time":95952,"minecraft:walk_under_water_one_cm":42304,"minecraft:boat_one_cm":9798,"minecraft:jump":2269,"minecraft:walk_on_water_one_cm":104095,"minecraft:total_world_time":454979,"minecraft:interact_with_furnace":28,"minecraft:sleep_in_bed":7,"minecraft:time_since_rest":23478,"minecraft:damage_taken":2483,"minecraft:damage_dealt":9209,"minecraft:fly_one_cm":309057,"minecraft:player_kills":1,"minecraft:open_chest":459,"minecraft:crouch_one_cm":426375,"minecraft:fall_one_cm":19486,"minecraft:use_cauldron":3},"minecraft:mined":{"minecraft:oak_sapling":12,"minecraft:cobblestone_stairs":6,"minecraft:grass_block":49,"minecraft:oak_trapdoor":4,"minecraft:fire":17,"minecraft:potatoes":31,"minecraft:pointed_dripstone":8,"minecraft:cobblestone_slab":161,"minecraft:bamboo":172,"minecraft:scaffolding":26,"minecraft:dandelion":1,"minecraft:crafting_table":2,"minecraft:torch":51,"minecraft:short_grass":16,"minecraft:poppy":1,"minecraft:chest":3,"minecraft:cobblestone":2119,"minecraft:tall_grass":1,"minecraft:oak_planks":3,"minecraft:cauldron":2,"minecraft:bamboo_planks":4,"minecraft:sea_pickle":4,"minecraft:ice":1,"minecraft:oak_log":176,"minecraft:dirt":44,"minecraft:oak_leaves":236},"minecraft:crafted":{"minecraft:oak_planks":432,"minecraft:cobblestone_slab":2064,"minecraft:stone_shovel":1,"minecraft:furnace":1,"minecraft:cobblestone_stairs":4,"minecraft:bone_meal":132,"minecraft:oak_trapdoor":82,"minecraft:scaffolding":24,"minecraft:bamboo_block":62,"minecraft:bow":9,"minecraft:stone_pickaxe":21,"minecraft:chest":9,"minecraft:stone_hoe":1,"minecraft:cooked_cod":6,"minecraft:cauldron":1,"minecraft:crafting_table":2,"minecraft:wooden_pickaxe":1,"minecraft:baked_potato":61,"minecraft:stone_axe":3,"minecraft:air":0,"minecraft:oak_boat":1,"minecraft:bamboo_planks":124,"minecraft:white_wool":3,"minecraft:charcoal":31,"minecraft:gold_nugget":5,"minecraft:stick":37,"minecraft:stone_sword":7,"minecraft:white_bed":1,"minecraft:torch":44,"minecraft:bamboo_trapdoor":34},"minecraft:broken":{"minecraft:stone_sword":5,"minecraft:stone_pickaxe":12,"minecraft:stone_axe":1},"minecraft:picked_up":{"minecraft:crafting_table":2,"minecraft:chainmail_boots":1,"minecraft:chicken":1,"minecraft:leather_leggings":1,"minecraft:turtle_egg":2,"minecraft:oak_trapdoor":4,"minecraft:string":17,"minecraft:pufferfish":1,"minecraft:iron_shovel":1,"minecraft:sea_pickle":3,"minecraft:cobblestone_slab":452,"minecraft:poppy":1,"minecraft:chest":3,"minecraft:stick":50,"minecraft:glow_item_frame":1,"minecraft:torch":56,"minecraft:pointed_dripstone":8,"minecraft:carrot":1,"minecraft:redstone":20,"minecraft:golden_chestplate":3,"minecraft:cauldron":2,"minecraft:cactus":3,"minecraft:arrow":369,"minecraft:rotten_flesh":386,"minecraft:stone_shovel":1,"minecraft:cod":7,"minecraft:cobblestone":1937,"minecraft:leather_chestplate":1,"minecraft:feather":2,"minecraft:dune_armor_trim_smithing_template":1,"minecraft:golden_leggings":6,"minecraft:potato":116,"minecraft:oak_log":180,"minecraft:golden_boots":4,"minecraft:gunpowder":391,"minecraft:cobblestone_stairs":6,"minecraft:dirt":80,"minecraft:leather_boots":1,"minecraft:bone":406,"minecraft:apple":5,"minecraft:bow":30,"minecraft:wheat_seeds":1,"minecraft:iron_ingot":10,"minecraft:stone_pickaxe":2,"minecraft:bamboo":865,"minecraft:glass_bottle":4,"minecraft:oak_planks":2,"minecraft:music_disc_chirp":1,"minecraft:scaffolding":27,"minecraft:bamboo_planks":4,"minecraft:dandelion":1,"minecraft:poisonous_potato":2,"minecraft:sand":22,"minecraft:spider_eye":1,"minecraft:leather_helmet":1,"minecraft:oak_wood":3,"minecraft:music_disc_mall":1,"minecraft:sugar":6,"minecraft:writable_book":1,"minecraft:chainmail_leggings":1,"minecraft:bone_meal":57,"minecraft:oak_sapling":104},"minecraft:killed":{"minecraft:witch":4,"minecraft:spider":3,"minecraft:cod":3,"minecraft:pufferfish":1,"minecraft:skeleton":299,"minecraft:chicken":1,"minecraft:tropical_fish":9,"minecraft:zombie_villager":1,"minecraft:creeper":334,"minecraft:zombie":323},"minecraft:killed_by":{"minecraft:witch":2},"minecraft:dropped":{"minecraft:cobblestone":29,"minecraft:writable_book":1,"minecraft:bucket":1,"minecraft:obsidian":10,"minecraft:cobblestone_slab":38,"minecraft:stone_pickaxe":2,"minecraft:wooden_pickaxe":2}},"DataVersion":3955}