{"stats":{"minecraft:broken":{"minecraft:leather_helmet":2,"minecraft:golden_boots":2,"minecraft:stone_sword":8,"minecraft:leather_chestplate":2,"minecraft:stone_hoe":4,"minecraft:stone_pickaxe":28,"minecraft:leather_boots":1,"minecraft:stone_axe":3,"minecraft:stone_shovel":2},"minecraft:crafted":{"minecraft:coarse_dirt":292,"minecraft:grindstone":1,"minecraft:oak_planks":612,"minecraft:cobblestone_slab":4486,"minecraft:stone_shovel":4,"minecraft:barrel":2,"minecraft:furnace":1,"minecraft:dark_oak_trapdoor":402,"minecraft:cobblestone_stairs":4,"minecraft:stone":10,"minecraft:bone_meal":1773,"minecraft:oak_trapdoor":86,"minecraft:scaffolding":42,"minecraft:bamboo_block":62,"minecraft:hopper":1,"minecraft:dark_oak_fence":84,"minecraft:bow":9,"minecraft:polished_blackstone":112,"minecraft:stone_pickaxe":46,"minecraft:chest":11,"minecraft:dark_oak_planks":1496,"minecraft:stone_hoe":7,"minecraft:oak_fence":15,"minecraft:golden_helmet":2,"minecraft:golden_boots":1,"minecraft:cooked_cod":6,"minecraft:oak_slab":18,"minecraft:emerald":12,"minecraft:cauldron":1,"minecraft:crafting_table":3,"minecraft:wooden_pickaxe":1,"minecraft:baked_potato":136,"minecraft:copper_ingot":99,"minecraft:bucket":1,"minecraft:stone_axe":15,"minecraft:air":0,"minecraft:oak_fence_gate":2,"minecraft:oak_boat":5,"minecraft:bamboo_planks":124,"minecraft:dark_oak_slab":6,"minecraft:white_wool":11,"minecraft:charcoal":46,"minecraft:golden_apple":2,"minecraft:golden_leggings":2,"minecraft:gold_nugget":5,"minecraft:iron_pickaxe":1,"minecraft:stick":199,"minecraft:stone_slab":6,"minecraft:iron_ingot":3,"minecraft:stone_sword":11,"minecraft:gold_ingot":143,"minecraft:white_bed":3,"minecraft:composter":2,"minecraft:dark_oak_fence_gate":3,"minecraft:polished_blackstone_bricks":112,"minecraft:torch":44,"minecraft:bamboo_trapdoor":34},"minecraft:used":{"minecraft:oak_fence":11,"minecraft:oak_trapdoor":81,"minecraft:writable_book":1,"minecraft:stone_sword":1065,"minecraft:stone_shovel":314,"minecraft:chest":15,"minecraft:iron_sword":7,"minecraft:stone_hoe":661,"minecraft:rotten_flesh":58,"minecraft:torch":70,"minecraft:dirt":237,"minecraft:hopper":1,"minecraft:carrot":214,"minecraft:golden_chestplate":2,"minecraft:oak_fence_gate":1,"minecraft:dark_oak_planks":4,"minecraft:lava_bucket":38,"minecraft:dark_oak_slab":1,"minecraft:barrel":2,"minecraft:bamboo":91,"minecraft:bow":77,"minecraft:written_book":2,"minecraft:scaffolding":98,"minecraft:furnace":1,"minecraft:oak_sapling":48,"minecraft:cooked_cod":6,"minecraft:potato":197,"minecraft:bamboo_planks":4,"minecraft:pointed_dripstone":14,"minecraft:dark_oak_sapling":60,"minecraft:golden_boots":1,"minecraft:bamboo_trapdoor":34,"minecraft:water_bucket":80,"minecraft:leather_leggings":5,"minecraft:cobblestone_stairs":9,"minecraft:stone_pickaxe":4790,"minecraft:baked_potato":34,"minecraft:oak_planks":19,"minecraft:leather_chestplate":2,"minecraft:wooden_pickaxe":16,"minecraft:composter":24,"minecraft:cauldron":5,"minecraft:leather_boots":1,"minecraft:cobblestone_slab":4465,"minecraft:polished_blackstone_bricks":122,"minecraft:white_wool":1,"minecraft:glow_item_frame":1,"minecraft:dark_oak_trapdoor":407,"minecraft:oak_slab":2,"minecraft:crafting_table":5,"minecraft:white_bed":5,"minecraft:oak_log":13,"minecraft:apple":11,"minecraft:crying_obsidian":1,"minecraft:dark_oak_log":1,"minecraft:chicken":1,"minecraft:stone_slab":6,"minecraft:golden_leggings":4,"minecraft:golden_helmet":2,"minecraft:stone_axe":895,"minecraft:cobblestone":1593,"minecraft:grindstone":2,"minecraft:dark_oak_fence":5,"minecraft:poisonous_potato":3,"minecraft:bucket":118,"minecraft:ice":1,"minecraft:oak_boat":6,"minecraft:sea_pickle":5,"minecraft:coarse_dirt":298,"minecraft:bone_meal":699,"minecraft:chainmail_leggings":1},"minecraft:picked_up":{"minecraft:coarse_dirt":6,"minecraft:crafting_table":3,"minecraft:chainmail_boots":1,"minecraft:splash_potion":2,"minecraft:chicken":6,"minecraft:leather_leggings":8,"minecraft:stone_slab":2,"minecraft:enchanted_book":1,"minecraft:potion":7,"minecraft:turtle_egg":2,"minecraft:nether_brick":54,"minecraft:golden_sword":67,"minecraft:string":54,"minecraft:oak_trapdoor":13,"minecraft:dark_oak_trapdoor":17,"minecraft:pufferfish":1,"minecraft:iron_shovel":3,"minecraft:blackstone":170,"minecraft:sea_pickle":4,"minecraft:gold_nugget":1372,"minecraft:bucket":2,"minecraft:oak_boat":3,"minecraft:cobblestone_slab":1135,"minecraft:iron_nugget":29,"minecraft:poppy":1,"minecraft:chest":5,"minecraft:iron_boots":2,"minecraft:golden_helmet":2,"minecraft:dark_oak_sapling":69,"minecraft:stick":125,"minecraft:glow_item_frame":1,"minecraft:composter":22,"minecraft:torch":60,"minecraft:fire_charge":9,"minecraft:polished_blackstone_bricks":10,"minecraft:pointed_dripstone":17,"minecraft:carrot":441,"minecraft:redstone":39,"minecraft:golden_chestplate":8,"minecraft:cauldron":5,"minecraft:rotten_flesh":2263,"minecraft:cactus":3,"minecraft:stone_sword":5,"minecraft:arrow":897,"minecraft:stone_shovel":1,"minecraft:gold_ingot":25,"minecraft:obsidian":10,"minecraft:iron_bars":1,"minecraft:cod":7,"minecraft:white_wool":1,"minecraft:cobblestone":3861,"minecraft:leather_chestplate":5,"minecraft:dune_armor_trim_smithing_template":1,"minecraft:feather":6,"minecraft:water_bucket":1,"minecraft:leather":37,"minecraft:golden_leggings":8,"minecraft:potato":844,"minecraft:oak_log":244,"minecraft:golden_boots":8,"minecraft:gunpowder":800,"minecraft:cobblestone_stairs":7,"minecraft:dirt":392,"minecraft:leather_boots":3,"minecraft:bone":702,"minecraft:apple":18,"minecraft:bow":51,"minecraft:wheat_seeds":2,"minecraft:iron_ingot":12,"minecraft:grindstone":2,"minecraft:stone_pickaxe":18,"minecraft:glass_bottle":6,"minecraft:bamboo":865,"minecraft:oak_planks":14,"minecraft:soul_sand":40,"minecraft:music_disc_chirp":1,"minecraft:scaffolding":249,"minecraft:dark_oak_slab":1,"minecraft:bamboo_planks":4,"minecraft:quartz":32,"minecraft:dandelion":1,"minecraft:poisonous_potato":7,"minecraft:gravel":165,"minecraft:sand":22,"minecraft:white_bed":5,"minecraft:barrel":1,"minecraft:dark_oak_fence_gate":6,"minecraft:crying_obsidian":29,"minecraft:spectral_arrow":73,"minecraft:dark_oak_log":492,"minecraft:spider_eye":1,"minecraft:leather_helmet":7,"minecraft:oak_wood":3,"minecraft:music_disc_mall":1,"minecraft:sugar":6,"minecraft:stone_axe":10,"minecraft:writable_book":1,"minecraft:chainmail_leggings":1,"minecraft:bone_meal":384,"minecraft:golden_apple":10,"minecraft:baked_potato":54,"minecraft:oak_sapling":129,"minecraft:dark_oak_fence":10,"minecraft:ender_pearl":10},"minecraft:dropped":{"minecraft:golden_boots":1,"minecraft:golden_helmet":1,"minecraft:baked_potato":13,"minecraft:oak_fence":4,"minecraft:cobblestone":29,"minecraft:golden_apple":4,"minecraft:dark_oak_fence":84,"minecraft:dark_oak_trapdoor":12,"minecraft:potion":5,"minecraft:bone_meal":1172,"minecraft:writable_book":1,"minecraft:bucket":1,"minecraft:gold_ingot":30,"minecraft:stone_axe":5,"minecraft:oak_trapdoor":16,"minecraft:golden_chestplate":2,"minecraft:obsidian":10,"minecraft:chicken":2,"minecraft:rotten_flesh":325,"minecraft:white_bed":3,"minecraft:carrot":98,"minecraft:dark_oak_fence_gate":9,"minecraft:potato":323,"minecraft:cobblestone_slab":167,"minecraft:golden_sword":67,"minecraft:wooden_pickaxe":2,"minecraft:stone_pickaxe":2,"minecraft:splash_potion":2},"minecraft:killed_by":{"minecraft:zombie_villager":14,"minecraft:zombified_piglin":2,"minecraft:witch":11},"minecraft:custom":{"minecraft:mob_kills":2545,"minecraft:inspect_hopper":1,"minecraft:interact_with_crafting_table":173,"minecraft:open_barrel":3,"minecraft:leave_game":12,"minecraft:time_since_death":77577,"minecraft:climb_one_cm":47239,"minecraft:sprint_one_cm":1167854,"minecraft:walk_one_cm":2515701,"minecraft:drop":183,"minecraft:talked_to_villager":35,"minecraft:play_time":1039393,"minecraft:deaths":37,"minecraft:sneak_time":211957,"minecraft:walk_under_water_one_cm":46029,"minecraft:boat_one_cm":199226,"minecraft:jump":5210,"minecraft:walk_on_water_one_cm":124784,"minecraft:total_world_time":1039393,"minecraft:interact_with_furnace":62,"minecraft:traded_with_villager":12,"minecraft:interact_with_grindstone":2,"minecraft:sleep_in_bed":26,"minecraft:time_since_rest":6802,"minecraft:damage_taken":11974,"minecraft:damage_dealt":18033,"minecraft:fly_one_cm":838531,"minecraft:player_kills":1,"minecraft:open_chest":897,"minecraft:crouch_one_cm":910860,"minecraft:fall_one_cm":43691,"minecraft:use_cauldron":11},"minecraft:killed":{"minecraft:zombified_piglin":9,"minecraft:witch":7,"minecraft:spider":3,"minecraft:cod":3,"minecraft:pufferfish":1,"minecraft:skeleton":517,"minecraft:chicken":4,"minecraft:tropical_fish":9,"minecraft:piglin":2,"minecraft:zombie_villager":5,"minecraft:creeper":609,"minecraft:zombie":617},"minecraft:mined":{"minecraft:white_bed":5,"minecraft:oak_sapling":13,"minecraft:farmland":107,"minecraft:dark_oak_leaves":85,"minecraft:cobblestone_stairs":7,"minecraft:dark_oak_log":448,"minecraft:dark_oak_fence":3,"minecraft:grass_block":81,"minecraft:composter":22,"minecraft:polished_blackstone_bricks":10,"minecraft:oak_trapdoor":13,"minecraft:carrots":124,"minecraft:dark_oak_trapdoor":11,"minecraft:barrel":1,"minecraft:fire":19,"minecraft:potatoes":169,"minecraft:pointed_dripstone":15,"minecraft:cobblestone_slab":421,"minecraft:iron_bars":1,"minecraft:bamboo":172,"minecraft:white_wool":1,"minecraft:scaffolding":64,"minecraft:dandelion":1,"minecraft:crafting_table":3,"minecraft:torch":51,"minecraft:short_grass":22,"minecraft:poppy":1,"minecraft:chest":5,"minecraft:glass":6,"minecraft:stone_slab":2,"minecraft:cobblestone":4278,"minecraft:tall_grass":2,"minecraft:grindstone":2,"minecraft:oak_planks":14,"minecraft:cauldron":5,"minecraft:seagrass":5,"minecraft:coarse_dirt":6,"minecraft:dark_oak_slab":1,"minecraft:bamboo_planks":4,"minecraft:sea_pickle":5,"minecraft:ice":1,"minecraft:oak_log":213,"minecraft:dark_oak_sapling":12,"minecraft:dirt":219,"minecraft:oak_leaves":255}},"DataVersion":3955}