{"stats":{"minecraft:used":{"minecraft:oak_trapdoor":64,"minecraft:bamboo_trapdoor":34,"minecraft:water_bucket":48,"minecraft:writable_book":1,"minecraft:stone_sword":243,"minecraft:cobblestone_stairs":7,"minecraft:stone_shovel":14,"minecraft:stone_pickaxe":661,"minecraft:oak_planks":4,"minecraft:chest":5,"minecraft:wooden_pickaxe":16,"minecraft:cobblestone_slab":1507,"minecraft:stone_hoe":44,"minecraft:rotten_flesh":6,"minecraft:glow_item_frame":1,"minecraft:torch":69,"minecraft:dirt":83,"minecraft:crafting_table":3,"minecraft:oak_log":9,"minecraft:lava_bucket":5,"minecraft:apple":2,"minecraft:golden_leggings":1,"minecraft:bamboo":91,"minecraft:stone_axe":255,"minecraft:cobblestone":1428,"minecraft:written_book":2,"minecraft:furnace":1,"minecraft:oak_sapling":31,"minecraft:cooked_cod":6,"minecraft:bucket":53,"minecraft:oak_boat":1,"minecraft:ice":1,"minecraft:sea_pickle":5,"minecraft:bone_meal":3,"minecraft:bamboo_planks":4},"minecraft:mined":{"minecraft:oak_sapling":12,"minecraft:cobblestone_stairs":5,"minecraft:dandelion":1,"minecraft:crafting_table":2,"minecraft:torch":50,"minecraft:short_grass":16,"minecraft:grass_block":49,"minecraft:poppy":1,"minecraft:chest":3,"minecraft:tall_grass":1,"minecraft:cobblestone":548,"minecraft:oak_planks":3,"minecraft:oak_trapdoor":4,"minecraft:bamboo_planks":4,"minecraft:sea_pickle":4,"minecraft:fire":7,"minecraft:ice":1,"minecraft:oak_log":128,"minecraft:cobblestone_slab":96,"minecraft:dirt":43,"minecraft:bamboo":172,"minecraft:oak_leaves":148},"minecraft:custom":{"minecraft:interact_with_furnace":18,"minecraft:mob_kills":137,"minecraft:interact_with_crafting_table":54,"minecraft:leave_game":5,"minecraft:time_since_death":2781,"minecraft:climb_one_cm":173,"minecraft:time_since_rest":2812,"minecraft:sprint_one_cm":202961,"minecraft:walk_one_cm":618151,"minecraft:damage_taken":2184,"minecraft:drop":9,"minecraft:damage_dealt":2154,"minecraft:fly_one_cm":181920,"minecraft:player_kills":1,"minecraft:open_chest":188,"minecraft:crouch_one_cm":326512,"minecraft:play_time":251119,"minecraft:deaths":7,"minecraft:sneak_time":72282,"minecraft:walk_under_water_one_cm":42304,"minecraft:boat_one_cm":9798,"minecraft:jump":1549,"minecraft:walk_on_water_one_cm":93291,"minecraft:total_world_time":251119,"minecraft:fall_one_cm":15606},"minecraft:crafted":{"minecraft:cooked_cod":6,"minecraft:oak_planks":268,"minecraft:cobblestone_slab":1362,"minecraft:stone_shovel":1,"minecraft:crafting_table":2,"minecraft:wooden_pickaxe":1,"minecraft:furnace":1,"minecraft:cobblestone_stairs":4,"minecraft:bone_meal":30,"minecraft:stone_axe":3,"minecraft:air":0,"minecraft:oak_trapdoor":64,"minecraft:oak_boat":1,"minecraft:bamboo_block":62,"minecraft:bamboo_planks":124,"minecraft:charcoal":31,"minecraft:stick":28,"minecraft:stone_pickaxe":8,"minecraft:stone_sword":4,"minecraft:chest":2,"minecraft:torch":44,"minecraft:stone_hoe":1,"minecraft:bamboo_trapdoor":34},"minecraft:picked_up":{"minecraft:crafting_table":2,"minecraft:dune_armor_trim_smithing_template":1,"minecraft:golden_leggings":4,"minecraft:turtle_egg":2,"minecraft:oak_log":132,"minecraft:golden_boots":1,"minecraft:gunpowder":44,"minecraft:cobblestone_stairs":5,"minecraft:string":5,"minecraft:oak_trapdoor":4,"minecraft:dirt":79,"minecraft:pufferfish":1,"minecraft:bone":52,"minecraft:apple":3,"minecraft:sea_pickle":3,"minecraft:bow":5,"minecraft:wheat_seeds":1,"minecraft:iron_ingot":6,"minecraft:stone_pickaxe":2,"minecraft:cobblestone_slab":367,"minecraft:poppy":1,"minecraft:bamboo":865,"minecraft:chest":3,"minecraft:oak_planks":2,"minecraft:stick":33,"minecraft:bamboo_planks":4,"minecraft:glow_item_frame":1,"minecraft:torch":50,"minecraft:dandelion":1,"minecraft:sand":22,"minecraft:arrow":52,"minecraft:oak_wood":3,"minecraft:rotten_flesh":44,"minecraft:cactus":3,"minecraft:stone_shovel":1,"minecraft:writable_book":1,"minecraft:bone_meal":57,"minecraft:oak_sapling":74,"minecraft:cod":7,"minecraft:cobblestone":684},"minecraft:broken":{"minecraft:stone_pickaxe":1,"minecraft:stone_sword":2,"minecraft:stone_axe":1},"minecraft:killed":{"minecraft:cod":3,"minecraft:creeper":41,"minecraft:pufferfish":1,"minecraft:skeleton":43,"minecraft:zombie":34,"minecraft:tropical_fish":9},"minecraft:killed_by":{"minecraft:witch":2},"minecraft:dropped":{"minecraft:obsidian":10,"minecraft:cobblestone":29,"minecraft:cobblestone_slab":38,"minecraft:writable_book":1,"minecraft:stone_pickaxe":2,"minecraft:wooden_pickaxe":2,"minecraft:bucket":1}},"DataVersion":3955}