{"stats":{"minecraft:used":{"minecraft:oak_fence":11,"minecraft:oak_trapdoor":72,"minecraft:writable_book":1,"minecraft:stone_sword":876,"minecraft:stone_shovel":14,"minecraft:chest":13,"minecraft:stone_hoe":50,"minecraft:rotten_flesh":37,"minecraft:torch":70,"minecraft:dirt":83,"minecraft:golden_chestplate":1,"minecraft:oak_fence_gate":1,"minecraft:lava_bucket":12,"minecraft:bamboo":91,"minecraft:written_book":2,"minecraft:scaffolding":31,"minecraft:oak_sapling":45,"minecraft:furnace":1,"minecraft:cooked_cod":6,"minecraft:potato":37,"minecraft:bamboo_planks":4,"minecraft:pointed_dripstone":10,"minecraft:bamboo_trapdoor":34,"minecraft:water_bucket":62,"minecraft:leather_leggings":4,"minecraft:cobblestone_stairs":7,"minecraft:stone_pickaxe":3080,"minecraft:baked_potato":14,"minecraft:oak_planks":9,"minecraft:leather_chestplate":2,"minecraft:wooden_pickaxe":16,"minecraft:cauldron":4,"minecraft:cobblestone_slab":2177,"minecraft:glow_item_frame":1,"minecraft:crafting_table":3,"minecraft:white_bed":3,"minecraft:oak_log":9,"minecraft:apple":2,"minecraft:chicken":1,"minecraft:golden_leggings":3,"minecraft:stone_axe":353,"minecraft:cobblestone":1467,"minecraft:grindstone":1,"minecraft:bucket":74,"minecraft:ice":1,"minecraft:oak_boat":3,"minecraft:sea_pickle":5,"minecraft:bone_meal":88,"minecraft:chainmail_leggings":1},"minecraft:custom":{"minecraft:mob_kills":1356,"minecraft:interact_with_crafting_table":85,"minecraft:leave_game":8,"minecraft:time_since_death":5302,"minecraft:climb_one_cm":7393,"minecraft:sprint_one_cm":509078,"minecraft:walk_one_cm":1250238,"minecraft:drop":10,"minecraft:play_time":538945,"minecraft:deaths":19,"minecraft:sneak_time":108323,"minecraft:walk_under_water_one_cm":43642,"minecraft:boat_one_cm":34316,"minecraft:jump":2656,"minecraft:walk_on_water_one_cm":107506,"minecraft:total_world_time":538945,"minecraft:interact_with_furnace":30,"minecraft:interact_with_grindstone":2,"minecraft:sleep_in_bed":12,"minecraft:time_since_rest":4373,"minecraft:damage_taken":6221,"minecraft:damage_dealt":14284,"minecraft:fly_one_cm":386188,"minecraft:player_kills":1,"minecraft:open_chest":555,"minecraft:crouch_one_cm":472487,"minecraft:fall_one_cm":23255,"minecraft:use_cauldron":6},"minecraft:mined":{"minecraft:white_bed":2,"minecraft:oak_sapling":12,"minecraft:cobblestone_stairs":6,"minecraft:grass_block":49,"minecraft:oak_trapdoor":4,"minecraft:fire":17,"minecraft:potatoes":37,"minecraft:pointed_dripstone":11,"minecraft:cobblestone_slab":185,"minecraft:bamboo":172,"minecraft:scaffolding":27,"minecraft:dandelion":1,"minecraft:crafting_table":2,"minecraft:torch":51,"minecraft:short_grass":16,"minecraft:poppy":1,"minecraft:chest":3,"minecraft:cobblestone":2835,"minecraft:tall_grass":1,"minecraft:oak_planks":8,"minecraft:cauldron":3,"minecraft:bamboo_planks":4,"minecraft:sea_pickle":4,"minecraft:ice":1,"minecraft:oak_log":194,"minecraft:dirt":44,"minecraft:oak_leaves":244},"minecraft:crafted":{"minecraft:grindstone":1,"minecraft:oak_planks":444,"minecraft:cobblestone_slab":2064,"minecraft:stone_shovel":1,"minecraft:furnace":1,"minecraft:stone":10,"minecraft:cobblestone_stairs":4,"minecraft:bone_meal":132,"minecraft:oak_trapdoor":82,"minecraft:scaffolding":24,"minecraft:bamboo_block":62,"minecraft:bow":9,"minecraft:stone_pickaxe":31,"minecraft:chest":9,"minecraft:stone_hoe":1,"minecraft:oak_fence":15,"minecraft:cooked_cod":6,"minecraft:cauldron":1,"minecraft:crafting_table":2,"minecraft:wooden_pickaxe":1,"minecraft:baked_potato":61,"minecraft:stone_axe":7,"minecraft:air":0,"minecraft:oak_fence_gate":1,"minecraft:oak_boat":3,"minecraft:bamboo_planks":124,"minecraft:white_wool":3,"minecraft:charcoal":31,"minecraft:gold_nugget":5,"minecraft:stick":79,"minecraft:stone_slab":6,"minecraft:stone_sword":9,"minecraft:white_bed":1,"minecraft:torch":44,"minecraft:bamboo_trapdoor":34},"minecraft:picked_up":{"minecraft:crafting_table":2,"minecraft:chainmail_boots":1,"minecraft:chicken":2,"minecraft:leather_leggings":5,"minecraft:turtle_egg":2,"minecraft:string":19,"minecraft:oak_trapdoor":4,"minecraft:pufferfish":1,"minecraft:iron_shovel":3,"minecraft:sea_pickle":3,"minecraft:bucket":1,"minecraft:cobblestone_slab":610,"minecraft:poppy":1,"minecraft:chest":3,"minecraft:golden_helmet":1,"minecraft:stick":61,"minecraft:glow_item_frame":1,"minecraft:torch":56,"minecraft:pointed_dripstone":11,"minecraft:carrot":2,"minecraft:redstone":39,"minecraft:golden_chestplate":3,"minecraft:cauldron":3,"minecraft:stone_sword":2,"minecraft:cactus":3,"minecraft:arrow":508,"minecraft:rotten_flesh":553,"minecraft:stone_shovel":1,"minecraft:cod":7,"minecraft:cobblestone":2610,"minecraft:feather":4,"minecraft:leather_chestplate":4,"minecraft:dune_armor_trim_smithing_template":1,"minecraft:water_bucket":1,"minecraft:golden_leggings":8,"minecraft:potato":131,"minecraft:oak_log":225,"minecraft:golden_boots":6,"minecraft:gunpowder":542,"minecraft:cobblestone_stairs":6,"minecraft:dirt":80,"minecraft:leather_boots":1,"minecraft:bone":535,"minecraft:apple":6,"minecraft:bow":38,"minecraft:wheat_seeds":1,"minecraft:iron_ingot":11,"minecraft:stone_pickaxe":6,"minecraft:glass_bottle":6,"minecraft:bamboo":865,"minecraft:oak_planks":12,"minecraft:music_disc_chirp":1,"minecraft:scaffolding":51,"minecraft:bamboo_planks":4,"minecraft:dandelion":1,"minecraft:poisonous_potato":2,"minecraft:sand":22,"minecraft:white_bed":2,"minecraft:spider_eye":1,"minecraft:leather_helmet":2,"minecraft:oak_wood":3,"minecraft:music_disc_mall":1,"minecraft:sugar":6,"minecraft:stone_axe":4,"minecraft:writable_book":1,"minecraft:chainmail_leggings":1,"minecraft:bone_meal":57,"minecraft:baked_potato":52,"minecraft:oak_sapling":113},"minecraft:broken":{"minecraft:leather_helmet":2,"minecraft:golden_boots":1,"minecraft:stone_sword":7,"minecraft:leather_chestplate":2,"minecraft:stone_pickaxe":18,"minecraft:stone_axe":1},"minecraft:killed":{"minecraft:witch":7,"minecraft:spider":3,"minecraft:cod":3,"minecraft:pufferfish":1,"minecraft:skeleton":394,"minecraft:chicken":2,"minecraft:tropical_fish":9,"minecraft:zombie_villager":2,"minecraft:creeper":460,"minecraft:zombie":461},"minecraft:killed_by":{"minecraft:zombie_villager":9,"minecraft:witch":2},"minecraft:dropped":{"minecraft:oak_fence":4,"minecraft:cobblestone":29,"minecraft:writable_book":1,"minecraft:bucket":1,"minecraft:obsidian":10,"minecraft:cobblestone_slab":38,"minecraft:stone_pickaxe":2,"minecraft:wooden_pickaxe":2}},"DataVersion":3955}