{"stats":{"minecraft:used":{"minecraft:bamboo_trapdoor":20,"minecraft:water_bucket":47,"minecraft:writable_book":1,"minecraft:stone_sword":95,"minecraft:cobblestone_stairs":7,"minecraft:stone_shovel":14,"minecraft:stone_pickaxe":613,"minecraft:oak_planks":4,"minecraft:chest":5,"minecraft:wooden_pickaxe":16,"minecraft:cobblestone_slab":1384,"minecraft:stone_hoe":44,"minecraft:glow_item_frame":1,"minecraft:torch":59,"minecraft:dirt":83,"minecraft:crafting_table":3,"minecraft:oak_log":9,"minecraft:lava_bucket":5,"minecraft:apple":2,"minecraft:bamboo":91,"minecraft:stone_axe":210,"minecraft:cobblestone":1390,"minecraft:written_book":2,"minecraft:furnace":1,"minecraft:oak_sapling":25,"minecraft:cooked_cod":2,"minecraft:bucket":51,"minecraft:ice":1,"minecraft:sea_pickle":5},"minecraft:mined":{"minecraft:oak_sapling":12,"minecraft:cobblestone_stairs":5,"minecraft:dandelion":1,"minecraft:crafting_table":2,"minecraft:torch":35,"minecraft:short_grass":11,"minecraft:grass_block":49,"minecraft:poppy":1,"minecraft:chest":3,"minecraft:cobblestone":525,"minecraft:oak_planks":3,"minecraft:sea_pickle":4,"minecraft:fire":6,"minecraft:ice":1,"minecraft:oak_log":102,"minecraft:cobblestone_slab":78,"minecraft:dirt":43,"minecraft:bamboo":123,"minecraft:oak_leaves":134},"minecraft:custom":{"minecraft:interact_with_furnace":15,"minecraft:mob_kills":4,"minecraft:interact_with_crafting_table":45,"minecraft:leave_game":5,"minecraft:time_since_death":59727,"minecraft:climb_one_cm":173,"minecraft:time_since_rest":59838,"minecraft:sprint_one_cm":136650,"minecraft:walk_one_cm":505997,"minecraft:damage_taken":1438,"minecraft:drop":7,"minecraft:damage_dealt":364,"minecraft:fly_one_cm":169115,"minecraft:player_kills":1,"minecraft:open_chest":172,"minecraft:crouch_one_cm":307095,"minecraft:play_time":215119,"minecraft:deaths":5,"minecraft:sneak_time":67257,"minecraft:walk_under_water_one_cm":29664,"minecraft:jump":1410,"minecraft:walk_on_water_one_cm":68018,"minecraft:total_world_time":215119,"minecraft:fall_one_cm":15146},"minecraft:crafted":{"minecraft:cooked_cod":2,"minecraft:oak_planks":64,"minecraft:cobblestone_slab":1236,"minecraft:stone_shovel":1,"minecraft:crafting_table":2,"minecraft:wooden_pickaxe":1,"minecraft:furnace":1,"minecraft:cobblestone_stairs":4,"minecraft:stone_axe":3,"minecraft:air":0,"minecraft:bamboo_block":55,"minecraft:bamboo_planks":110,"minecraft:charcoal":31,"minecraft:stick":20,"minecraft:stone_pickaxe":7,"minecraft:stone_sword":2,"minecraft:chest":2,"minecraft:torch":44,"minecraft:stone_hoe":1,"minecraft:bamboo_trapdoor":30},"minecraft:picked_up":{"minecraft:crafting_table":2,"minecraft:dune_armor_trim_smithing_template":1,"minecraft:turtle_egg":2,"minecraft:oak_log":106,"minecraft:cobblestone_stairs":5,"minecraft:dirt":79,"minecraft:apple":2,"minecraft:sea_pickle":3,"minecraft:iron_ingot":6,"minecraft:stone_pickaxe":2,"minecraft:cobblestone_slab":266,"minecraft:poppy":1,"minecraft:bamboo":614,"minecraft:chest":3,"minecraft:oak_planks":2,"minecraft:stick":30,"minecraft:glow_item_frame":1,"minecraft:torch":35,"minecraft:dandelion":1,"minecraft:sand":22,"minecraft:oak_wood":3,"minecraft:cactus":3,"minecraft:stone_shovel":1,"minecraft:writable_book":1,"minecraft:bone_meal":1,"minecraft:oak_sapling":57,"minecraft:cod":5,"minecraft:cobblestone":570},"minecraft:broken":{"minecraft:stone_pickaxe":1,"minecraft:stone_sword":1,"minecraft:stone_axe":1},"minecraft:killed":{"minecraft:cod":2,"minecraft:tropical_fish":2},"minecraft:dropped":{"minecraft:obsidian":10,"minecraft:writable_book":1,"minecraft:stone_pickaxe":2,"minecraft:wooden_pickaxe":2,"minecraft:bucket":1}},"DataVersion":3955}