{"stats":{"minecraft:used":{"minecraft:water_bucket":30,"minecraft:writable_book":1,"minecraft:cobblestone_stairs":7,"minecraft:stone_shovel":14,"minecraft:stone_pickaxe":482,"minecraft:oak_planks":4,"minecraft:chest":5,"minecraft:wooden_pickaxe":16,"minecraft:cobblestone_slab":1070,"minecraft:stone_hoe":44,"minecraft:glow_item_frame":1,"minecraft:torch":17,"minecraft:dirt":83,"minecraft:crafting_table":2,"minecraft:oak_log":6,"minecraft:lava_bucket":5,"minecraft:apple":1,"minecraft:bamboo":26,"minecraft:stone_axe":142,"minecraft:cobblestone":551,"minecraft:written_book":2,"minecraft:furnace":1,"minecraft:oak_sapling":23,"minecraft:bucket":34,"minecraft:ice":1,"minecraft:sea_pickle":5},"minecraft:mined":{"minecraft:oak_sapling":12,"minecraft:cobblestone_stairs":5,"minecraft:dandelion":1,"minecraft:crafting_table":1,"minecraft:torch":3,"minecraft:short_grass":11,"minecraft:grass_block":49,"minecraft:poppy":1,"minecraft:chest":3,"minecraft:cobblestone":402,"minecraft:oak_planks":3,"minecraft:sea_pickle":4,"minecraft:fire":6,"minecraft:ice":1,"minecraft:oak_log":79,"minecraft:cobblestone_slab":72,"minecraft:dirt":43,"minecraft:bamboo":28,"minecraft:oak_leaves":91},"minecraft:custom":{"minecraft:interact_with_furnace":6,"minecraft:mob_kills":2,"minecraft:interact_with_crafting_table":33,"minecraft:leave_game":5,"minecraft:time_since_death":5727,"minecraft:climb_one_cm":173,"minecraft:time_since_rest":5838,"minecraft:sprint_one_cm":95426,"minecraft:walk_one_cm":365301,"minecraft:damage_taken":1348,"minecraft:drop":5,"minecraft:damage_dealt":276,"minecraft:fly_one_cm":145072,"minecraft:player_kills":1,"minecraft:open_chest":150,"minecraft:crouch_one_cm":219100,"minecraft:play_time":161119,"minecraft:deaths":5,"minecraft:sneak_time":47091,"minecraft:walk_under_water_one_cm":17233,"minecraft:jump":988,"minecraft:walk_on_water_one_cm":34896,"minecraft:total_world_time":161119,"minecraft:fall_one_cm":7694},"minecraft:crafted":{"minecraft:oak_planks":60,"minecraft:cobblestone_slab":1044,"minecraft:stone_shovel":1,"minecraft:crafting_table":1,"minecraft:wooden_pickaxe":1,"minecraft:furnace":1,"minecraft:cobblestone_stairs":4,"minecraft:stone_axe":2,"minecraft:air":0,"minecraft:bamboo_block":9,"minecraft:bamboo_planks":18,"minecraft:charcoal":14,"minecraft:stick":20,"minecraft:stone_pickaxe":6,"minecraft:chest":2,"minecraft:torch":16,"minecraft:stone_hoe":1},"minecraft:picked_up":{"minecraft:crafting_table":1,"minecraft:dune_armor_trim_smithing_template":1,"minecraft:turtle_egg":2,"minecraft:oak_log":83,"minecraft:cobblestone_stairs":5,"minecraft:dirt":79,"minecraft:apple":1,"minecraft:sea_pickle":3,"minecraft:iron_ingot":6,"minecraft:stone_pickaxe":1,"minecraft:cobblestone_slab":259,"minecraft:poppy":1,"minecraft:bamboo":191,"minecraft:chest":3,"minecraft:oak_planks":2,"minecraft:stick":26,"minecraft:glow_item_frame":1,"minecraft:torch":5,"minecraft:dandelion":1,"minecraft:sand":22,"minecraft:oak_wood":3,"minecraft:cactus":3,"minecraft:stone_shovel":1,"minecraft:writable_book":1,"minecraft:oak_sapling":41,"minecraft:cod":1,"minecraft:cobblestone":521},"minecraft:broken":{"minecraft:stone_pickaxe":1},"minecraft:killed":{"minecraft:cod":1,"minecraft:tropical_fish":1},"minecraft:dropped":{"minecraft:obsidian":10,"minecraft:writable_book":1,"minecraft:wooden_pickaxe":2,"minecraft:bucket":1}},"DataVersion":3955}