{"stats":{"minecraft:crafted":{"minecraft:oak_planks":32,"minecraft:furnace":2,"minecraft:cobblestone_stairs":48,"minecraft:iron_boots":1,"minecraft:stone_pickaxe":3,"minecraft:chest":3,"minecraft:golden_boots":1,"minecraft:crafting_table":3,"minecraft:wooden_pickaxe":1,"minecraft:iron_helmet":1,"minecraft:bucket":2,"minecraft:stone_axe":1,"minecraft:acacia_boat":1,"minecraft:air":0,"minecraft:jungle_planks":24,"minecraft:oak_boat":1,"minecraft:iron_chestplate":1,"minecraft:diamond_pickaxe":1,"minecraft:shield":1,"minecraft:stick":36,"minecraft:iron_ingot":34,"minecraft:iron_pickaxe":1,"minecraft:wooden_axe":1,"minecraft:acacia_chest_boat":1,"minecraft:stone_sword":1,"minecraft:gold_ingot":3,"minecraft:iron_leggings":1,"minecraft:white_bed":2,"minecraft:acacia_planks":4,"minecraft:torch":84},"minecraft:broken":{"minecraft:stone_pickaxe":2},"minecraft:custom":{"minecraft:mob_kills":12,"minecraft:interact_with_crafting_table":31,"minecraft:open_barrel":9,"minecraft:bell_ring":57,"minecraft:leave_game":4,"minecraft:time_since_death":49659,"minecraft:climb_one_cm":1143,"minecraft:sprint_one_cm":148355,"minecraft:walk_one_cm":324791,"minecraft:damage_blocked_by_shield":270,"minecraft:drop":3,"minecraft:play_time":121758,"minecraft:deaths":1,"minecraft:sneak_time":3444,"minecraft:walk_under_water_one_cm":5908,"minecraft:boat_one_cm":357073,"minecraft:jump":1340,"minecraft:walk_on_water_one_cm":11006,"minecraft:total_world_time":121758,"minecraft:interact_with_furnace":11,"minecraft:sleep_in_bed":8,"minecraft:time_since_rest":3625,"minecraft:damage_taken":499,"minecraft:damage_dealt":1384,"minecraft:player_kills":1,"minecraft:fly_one_cm":141529,"minecraft:open_chest":13,"minecraft:crouch_one_cm":13698,"minecraft:interact_with_smoker":1,"minecraft:fall_one_cm":21881},"minecraft:used":{"minecraft:stone_sword":31,"minecraft:poppy":1,"minecraft:chest":2,"minecraft:shield":9,"minecraft:bell":2,"minecraft:netherrack":49,"minecraft:iron_chestplate":1,"minecraft:orange_bed":4,"minecraft:torch":73,"minecraft:tuff":2,"minecraft:obsidian":2,"minecraft:wooden_axe":23,"minecraft:flowering_azalea":1,"minecraft:jungle_log":27,"minecraft:iron_helmet":1,"minecraft:barrel":1,"minecraft:furnace":2,"minecraft:acacia_boat":1,"minecraft:diorite":2,"minecraft:cobblestone_stairs":53,"minecraft:stone_pickaxe":310,"minecraft:wooden_pickaxe":16,"minecraft:glow_berries":3,"minecraft:crafting_table":9,"minecraft:white_bed":1,"minecraft:smoker":1,"minecraft:diamond_pickaxe":235,"minecraft:apple":1,"minecraft:bread":10,"minecraft:iron_pickaxe":78,"minecraft:acacia_chest_boat":1,"minecraft:stone_axe":120,"minecraft:cobblestone":12,"minecraft:bucket":2,"minecraft:andesite":2,"minecraft:oak_boat":1,"minecraft:dandelion":1},"minecraft:picked_up":{"minecraft:charcoal":8,"minecraft:crafting_table":6,"minecraft:clay_ball":12,"minecraft:stone_brick_stairs":3,"minecraft:shield":1,"minecraft:amethyst_block":3,"minecraft:string":24,"minecraft:iron_leggings":1,"minecraft:gold_nugget":35,"minecraft:cobbled_deepslate":6,"minecraft:calcite":2,"minecraft:jungle_sapling":4,"minecraft:poppy":1,"minecraft:light_gray_wool":1,"minecraft:furnace":2,"minecraft:stick":3,"minecraft:raw_iron":39,"minecraft:oak_fence":2,"minecraft:torch":18,"minecraft:acacia_log":1,"minecraft:diorite":31,"minecraft:redstone":49,"minecraft:orange_bed":5,"minecraft:stone_sword":1,"minecraft:rotten_flesh":4,"minecraft:gold_ingot":1,"minecraft:obsidian":7,"minecraft:glow_berries":4,"minecraft:mutton":9,"minecraft:white_wool":6,"minecraft:cobblestone":180,"minecraft:andesite":35,"minecraft:jungle_log":97,"minecraft:smoker":2,"minecraft:flint":1,"minecraft:tuff":17,"minecraft:oak_log":20,"minecraft:cobblestone_stairs":5,"minecraft:acacia_boat":1,"minecraft:lapis_lazuli":6,"minecraft:dirt":13,"minecraft:acacia_planks":32,"minecraft:apple":1,"minecraft:wheat_seeds":3,"minecraft:raw_gold":4,"minecraft:bell":3,"minecraft:iron_ingot":1,"minecraft:bamboo":10,"minecraft:flowering_azalea":1,"minecraft:quartz":23,"minecraft:dandelion":1,"minecraft:gravel":8,"minecraft:white_bed":1,"minecraft:barrel":1,"minecraft:diamond":7,"minecraft:granite":12,"minecraft:bread":28,"minecraft:oak_sapling":3,"minecraft:netherrack":204,"minecraft:coal":88,"minecraft:crimson_roots":2},"minecraft:killed":{"minecraft:cave_spider":1,"minecraft:drowned":1,"minecraft:sheep":7,"minecraft:zombie":3},"minecraft:dropped":{"minecraft:torch":1,"minecraft:stone_sword":1,"minecraft:jungle_log":34},"minecraft:mined":{"minecraft:nether_gold_ore":10,"minecraft:tuff":16,"minecraft:white_bed":1,"minecraft:deepslate_diamond_ore":7,"minecraft:cobblestone_stairs":5,"minecraft:obsidian":8,"minecraft:granite":12,"minecraft:acacia_log":2,"minecraft:grass_block":8,"minecraft:crimson_roots":3,"minecraft:jungle_log":63,"minecraft:furnace":2,"minecraft:iron_ore":35,"minecraft:barrel":1,"minecraft:andesite":34,"minecraft:deepslate_lapis_ore":1,"minecraft:bell":3,"minecraft:deepslate_iron_ore":4,"minecraft:vine":2,"minecraft:bamboo":1,"minecraft:stone":168,"minecraft:orange_bed":5,"minecraft:deepslate_redstone_ore":7,"minecraft:flowering_azalea":1,"minecraft:smoker":2,"minecraft:dandelion":1,"minecraft:crafting_table":6,"minecraft:oak_fence":2,"minecraft:clay":3,"minecraft:short_grass":7,"minecraft:poppy":1,"minecraft:nether_quartz_ore":23,"minecraft:cobblestone":5,"minecraft:deepslate_gold_ore":4,"minecraft:diorite":31,"minecraft:wall_torch":1,"minecraft:stone_brick_stairs":1,"minecraft:coal_ore":55,"minecraft:oak_log":20,"minecraft:gravel":4,"minecraft:dirt":5,"minecraft:cobweb":26,"minecraft:netherrack":189,"minecraft:gold_ore":1,"minecraft:oak_leaves":39,"minecraft:deepslate":7}},"DataVersion":3700}