{"stats":{"minecraft:killed_by":{"minecraft:zombie_villager":14,"minecraft:zombified_piglin":1,"minecraft:witch":11},"minecraft:killed":{"minecraft:zombified_piglin":1,"minecraft:witch":7,"minecraft:spider":3,"minecraft:cod":3,"minecraft:pufferfish":1,"minecraft:skeleton":507,"minecraft:chicken":3,"minecraft:tropical_fish":9,"minecraft:zombie_villager":3,"minecraft:creeper":595,"minecraft:zombie":593},"minecraft:broken":{"minecraft:leather_helmet":2,"minecraft:golden_boots":2,"minecraft:stone_sword":8,"minecraft:leather_chestplate":2,"minecraft:stone_pickaxe":27,"minecraft:leather_boots":1,"minecraft:stone_axe":3},"minecraft:mined":{"minecraft:white_bed":2,"minecraft:oak_sapling":13,"minecraft:dark_oak_leaves":85,"minecraft:cobblestone_stairs":7,"minecraft:dark_oak_log":366,"minecraft:grass_block":55,"minecraft:oak_trapdoor":4,"minecraft:dark_oak_trapdoor":11,"minecraft:fire":19,"minecraft:cobblestone_slab":321,"minecraft:pointed_dripstone":15,"minecraft:potatoes":37,"minecraft:iron_bars":1,"minecraft:bamboo":172,"minecraft:scaffolding":61,"minecraft:dandelion":1,"minecraft:crafting_table":2,"minecraft:torch":51,"minecraft:short_grass":21,"minecraft:poppy":1,"minecraft:chest":3,"minecraft:stone_slab":2,"minecraft:cobblestone":4134,"minecraft:tall_grass":2,"minecraft:grindstone":2,"minecraft:oak_planks":12,"minecraft:cauldron":5,"minecraft:seagrass":5,"minecraft:bamboo_planks":4,"minecraft:sea_pickle":5,"minecraft:ice":1,"minecraft:oak_log":213,"minecraft:dark_oak_sapling":12,"minecraft:dirt":46,"minecraft:oak_leaves":255},"minecraft:custom":{"minecraft:mob_kills":2011,"minecraft:interact_with_crafting_table":114,"minecraft:leave_game":10,"minecraft:time_since_death":28831,"minecraft:climb_one_cm":39338,"minecraft:sprint_one_cm":769127,"minecraft:walk_one_cm":1735003,"minecraft:drop":42,"minecraft:talked_to_villager":1,"minecraft:play_time":834616,"minecraft:deaths":36,"minecraft:sneak_time":169970,"minecraft:walk_under_water_one_cm":46029,"minecraft:boat_one_cm":137494,"minecraft:jump":4106,"minecraft:walk_on_water_one_cm":121792,"minecraft:total_world_time":834616,"minecraft:interact_with_furnace":39,"minecraft:interact_with_grindstone":2,"minecraft:sleep_in_bed":19,"minecraft:time_since_rest":16977,"minecraft:damage_taken":11161,"minecraft:damage_dealt":17433,"minecraft:fly_one_cm":650079,"minecraft:player_kills":1,"minecraft:open_chest":771,"minecraft:crouch_one_cm":758285,"minecraft:fall_one_cm":33433,"minecraft:use_cauldron":11},"minecraft:crafted":{"minecraft:grindstone":1,"minecraft:oak_planks":464,"minecraft:cobblestone_slab":4048,"minecraft:stone_shovel":1,"minecraft:furnace":1,"minecraft:dark_oak_trapdoor":396,"minecraft:stone":10,"minecraft:cobblestone_stairs":4,"minecraft:bone_meal":408,"minecraft:oak_trapdoor":82,"minecraft:scaffolding":42,"minecraft:bamboo_block":62,"minecraft:bow":9,"minecraft:stone_pickaxe":41,"minecraft:chest":9,"minecraft:dark_oak_planks":1424,"minecraft:stone_hoe":1,"minecraft:oak_fence":15,"minecraft:golden_boots":1,"minecraft:cooked_cod":6,"minecraft:cauldron":1,"minecraft:crafting_table":3,"minecraft:wooden_pickaxe":1,"minecraft:baked_potato":65,"minecraft:bucket":1,"minecraft:stone_axe":12,"minecraft:air":0,"minecraft:oak_fence_gate":1,"minecraft:oak_boat":3,"minecraft:bamboo_planks":124,"minecraft:white_wool":3,"minecraft:golden_leggings":1,"minecraft:golden_apple":2,"minecraft:charcoal":31,"minecraft:gold_nugget":5,"minecraft:stick":99,"minecraft:stone_slab":6,"minecraft:stone_sword":11,"minecraft:gold_ingot":20,"minecraft:white_bed":1,"minecraft:torch":44,"minecraft:bamboo_trapdoor":34},"minecraft:dropped":{"minecraft:oak_fence":4,"minecraft:cobblestone":29,"minecraft:golden_apple":4,"minecraft:writable_book":1,"minecraft:bucket":1,"minecraft:gold_ingot":4,"minecraft:obsidian":10,"minecraft:cobblestone_slab":38,"minecraft:golden_sword":28,"minecraft:stone_pickaxe":2,"minecraft:wooden_pickaxe":2},"minecraft:picked_up":{"minecraft:crafting_table":2,"minecraft:chainmail_boots":1,"minecraft:chicken":4,"minecraft:leather_leggings":8,"minecraft:stone_slab":2,"minecraft:turtle_egg":2,"minecraft:golden_sword":28,"minecraft:oak_trapdoor":4,"minecraft:string":19,"minecraft:dark_oak_trapdoor":11,"minecraft:pufferfish":1,"minecraft:iron_shovel":3,"minecraft:sea_pickle":4,"minecraft:gold_nugget":184,"minecraft:bucket":2,"minecraft:cobblestone_slab":902,"minecraft:poppy":1,"minecraft:chest":3,"minecraft:golden_helmet":2,"minecraft:dark_oak_sapling":57,"minecraft:stick":112,"minecraft:glow_item_frame":1,"minecraft:torch":59,"minecraft:pointed_dripstone":17,"minecraft:carrot":2,"minecraft:redstone":39,"minecraft:golden_chestplate":7,"minecraft:cauldron":5,"minecraft:arrow":822,"minecraft:stone_sword":5,"minecraft:cactus":3,"minecraft:stone_shovel":1,"minecraft:rotten_flesh":940,"minecraft:gold_ingot":12,"minecraft:iron_bars":1,"minecraft:cod":7,"minecraft:cobblestone":3854,"minecraft:feather":6,"minecraft:leather_chestplate":5,"minecraft:dune_armor_trim_smithing_template":1,"minecraft:water_bucket":1,"minecraft:golden_leggings":8,"minecraft:potato":131,"minecraft:oak_log":244,"minecraft:golden_boots":8,"minecraft:gunpowder":768,"minecraft:cobblestone_stairs":7,"minecraft:dirt":90,"minecraft:leather_boots":3,"minecraft:bone":683,"minecraft:apple":15,"minecraft:bow":50,"minecraft:wheat_seeds":2,"minecraft:grindstone":2,"minecraft:iron_ingot":12,"minecraft:stone_pickaxe":18,"minecraft:glass_bottle":6,"minecraft:bamboo":865,"minecraft:oak_planks":13,"minecraft:music_disc_chirp":1,"minecraft:scaffolding":246,"minecraft:bamboo_planks":4,"minecraft:dandelion":1,"minecraft:poisonous_potato":2,"minecraft:sand":22,"minecraft:white_bed":2,"minecraft:dark_oak_log":410,"minecraft:spider_eye":1,"minecraft:leather_helmet":7,"minecraft:oak_wood":3,"minecraft:music_disc_mall":1,"minecraft:sugar":6,"minecraft:stone_axe":9,"minecraft:writable_book":1,"minecraft:chainmail_leggings":1,"minecraft:bone_meal":85,"minecraft:golden_apple":10,"minecraft:baked_potato":54,"minecraft:oak_sapling":129},"minecraft:used":{"minecraft:oak_fence":11,"minecraft:oak_trapdoor":72,"minecraft:writable_book":1,"minecraft:stone_sword":1065,"minecraft:stone_shovel":14,"minecraft:chest":13,"minecraft:stone_hoe":50,"minecraft:rotten_flesh":44,"minecraft:torch":70,"minecraft:dirt":91,"minecraft:golden_chestplate":1,"minecraft:oak_fence_gate":1,"minecraft:lava_bucket":38,"minecraft:bamboo":91,"minecraft:bow":29,"minecraft:written_book":2,"minecraft:scaffolding":93,"minecraft:oak_sapling":48,"minecraft:furnace":1,"minecraft:cooked_cod":6,"minecraft:potato":37,"minecraft:bamboo_planks":4,"minecraft:pointed_dripstone":14,"minecraft:dark_oak_sapling":52,"minecraft:bamboo_trapdoor":34,"minecraft:water_bucket":74,"minecraft:leather_leggings":5,"minecraft:cobblestone_stairs":9,"minecraft:stone_pickaxe":4533,"minecraft:baked_potato":20,"minecraft:oak_planks":19,"minecraft:wooden_pickaxe":16,"minecraft:leather_chestplate":2,"minecraft:cauldron":5,"minecraft:leather_boots":1,"minecraft:cobblestone_slab":3948,"minecraft:glow_item_frame":1,"minecraft:dark_oak_trapdoor":407,"minecraft:crafting_table":4,"minecraft:white_bed":3,"minecraft:oak_log":13,"minecraft:apple":9,"minecraft:dark_oak_log":1,"minecraft:chicken":1,"minecraft:stone_slab":6,"minecraft:golden_leggings":3,"minecraft:stone_axe":776,"minecraft:cobblestone":1493,"minecraft:grindstone":2,"minecraft:bucket":112,"minecraft:ice":1,"minecraft:oak_boat":3,"minecraft:sea_pickle":5,"minecraft:bone_meal":308,"minecraft:chainmail_leggings":1}},"DataVersion":3955}