{"stats":{"minecraft:used":{"minecraft:oak_trapdoor":64,"minecraft:bamboo_trapdoor":34,"minecraft:water_bucket":48,"minecraft:writable_book":1,"minecraft:stone_sword":197,"minecraft:cobblestone_stairs":7,"minecraft:stone_shovel":14,"minecraft:stone_pickaxe":640,"minecraft:oak_planks":4,"minecraft:chest":5,"minecraft:wooden_pickaxe":16,"minecraft:cobblestone_slab":1417,"minecraft:stone_hoe":44,"minecraft:rotten_flesh":3,"minecraft:glow_item_frame":1,"minecraft:torch":61,"minecraft:dirt":83,"minecraft:crafting_table":3,"minecraft:oak_log":9,"minecraft:lava_bucket":5,"minecraft:apple":2,"minecraft:bamboo":91,"minecraft:stone_axe":255,"minecraft:cobblestone":1406,"minecraft:written_book":2,"minecraft:furnace":1,"minecraft:oak_sapling":31,"minecraft:cooked_cod":6,"minecraft:bucket":53,"minecraft:ice":1,"minecraft:sea_pickle":5,"minecraft:bone_meal":2,"minecraft:bamboo_planks":4},"minecraft:mined":{"minecraft:oak_sapling":12,"minecraft:cobblestone_stairs":5,"minecraft:dandelion":1,"minecraft:crafting_table":2,"minecraft:torch":50,"minecraft:short_grass":11,"minecraft:grass_block":49,"minecraft:poppy":1,"minecraft:chest":3,"minecraft:cobblestone":544,"minecraft:oak_planks":3,"minecraft:oak_trapdoor":4,"minecraft:bamboo_planks":4,"minecraft:sea_pickle":4,"minecraft:fire":7,"minecraft:ice":1,"minecraft:oak_log":128,"minecraft:cobblestone_slab":79,"minecraft:dirt":43,"minecraft:bamboo":172,"minecraft:oak_leaves":148},"minecraft:custom":{"minecraft:interact_with_furnace":17,"minecraft:mob_kills":62,"minecraft:interact_with_crafting_table":50,"minecraft:leave_game":5,"minecraft:time_since_death":83727,"minecraft:climb_one_cm":173,"minecraft:time_since_rest":83838,"minecraft:sprint_one_cm":183760,"minecraft:walk_one_cm":591055,"minecraft:damage_taken":1749,"minecraft:drop":7,"minecraft:damage_dealt":1225,"minecraft:fly_one_cm":178397,"minecraft:player_kills":1,"minecraft:open_chest":179,"minecraft:crouch_one_cm":316279,"minecraft:play_time":239119,"minecraft:deaths":5,"minecraft:sneak_time":69216,"minecraft:walk_under_water_one_cm":42304,"minecraft:jump":1495,"minecraft:walk_on_water_one_cm":92881,"minecraft:total_world_time":239119,"minecraft:fall_one_cm":15146},"minecraft:crafted":{"minecraft:cooked_cod":6,"minecraft:oak_planks":256,"minecraft:cobblestone_slab":1362,"minecraft:stone_shovel":1,"minecraft:crafting_table":2,"minecraft:wooden_pickaxe":1,"minecraft:furnace":1,"minecraft:cobblestone_stairs":4,"minecraft:bone_meal":30,"minecraft:stone_axe":3,"minecraft:air":0,"minecraft:oak_trapdoor":64,"minecraft:bamboo_block":62,"minecraft:bamboo_planks":124,"minecraft:charcoal":31,"minecraft:stick":20,"minecraft:stone_pickaxe":7,"minecraft:stone_sword":3,"minecraft:chest":2,"minecraft:torch":44,"minecraft:stone_hoe":1,"minecraft:bamboo_trapdoor":34},"minecraft:picked_up":{"minecraft:crafting_table":2,"minecraft:dune_armor_trim_smithing_template":1,"minecraft:turtle_egg":2,"minecraft:oak_log":132,"minecraft:gunpowder":11,"minecraft:cobblestone_stairs":5,"minecraft:oak_trapdoor":4,"minecraft:dirt":79,"minecraft:pufferfish":1,"minecraft:bone":21,"minecraft:apple":3,"minecraft:sea_pickle":3,"minecraft:bow":1,"minecraft:iron_ingot":6,"minecraft:stone_pickaxe":2,"minecraft:cobblestone_slab":267,"minecraft:poppy":1,"minecraft:bamboo":865,"minecraft:chest":3,"minecraft:oak_planks":2,"minecraft:stick":33,"minecraft:bamboo_planks":4,"minecraft:glow_item_frame":1,"minecraft:torch":50,"minecraft:dandelion":1,"minecraft:sand":22,"minecraft:arrow":17,"minecraft:oak_wood":3,"minecraft:rotten_flesh":18,"minecraft:cactus":3,"minecraft:stone_shovel":1,"minecraft:writable_book":1,"minecraft:bone_meal":1,"minecraft:oak_sapling":74,"minecraft:cod":7,"minecraft:cobblestone":588},"minecraft:broken":{"minecraft:stone_pickaxe":1,"minecraft:stone_sword":2,"minecraft:stone_axe":1},"minecraft:killed":{"minecraft:cod":3,"minecraft:creeper":17,"minecraft:pufferfish":1,"minecraft:skeleton":18,"minecraft:zombie":14,"minecraft:tropical_fish":9},"minecraft:dropped":{"minecraft:obsidian":10,"minecraft:writable_book":1,"minecraft:stone_pickaxe":2,"minecraft:wooden_pickaxe":2,"minecraft:bucket":1}},"DataVersion":3955}