{"stats":{"minecraft:used":{"minecraft:oak_fence":11,"minecraft:oak_trapdoor":72,"minecraft:writable_book":1,"minecraft:stone_sword":1047,"minecraft:stone_shovel":14,"minecraft:chest":13,"minecraft:stone_hoe":50,"minecraft:rotten_flesh":40,"minecraft:torch":70,"minecraft:dirt":83,"minecraft:golden_chestplate":1,"minecraft:oak_fence_gate":1,"minecraft:lava_bucket":28,"minecraft:bamboo":91,"minecraft:written_book":2,"minecraft:scaffolding":31,"minecraft:oak_sapling":48,"minecraft:furnace":1,"minecraft:cooked_cod":6,"minecraft:potato":37,"minecraft:bamboo_planks":4,"minecraft:pointed_dripstone":14,"minecraft:bamboo_trapdoor":34,"minecraft:water_bucket":71,"minecraft:leather_leggings":4,"minecraft:cobblestone_stairs":9,"minecraft:stone_pickaxe":4380,"minecraft:baked_potato":16,"minecraft:oak_planks":19,"minecraft:wooden_pickaxe":16,"minecraft:leather_chestplate":2,"minecraft:cauldron":5,"minecraft:cobblestone_slab":2338,"minecraft:glow_item_frame":1,"minecraft:crafting_table":3,"minecraft:white_bed":3,"minecraft:oak_log":9,"minecraft:apple":2,"minecraft:chicken":1,"minecraft:stone_slab":6,"minecraft:golden_leggings":3,"minecraft:stone_axe":379,"minecraft:cobblestone":1487,"minecraft:grindstone":1,"minecraft:bucket":98,"minecraft:ice":1,"minecraft:oak_boat":3,"minecraft:sea_pickle":5,"minecraft:bone_meal":88,"minecraft:chainmail_leggings":1},"minecraft:custom":{"minecraft:mob_kills":1700,"minecraft:interact_with_crafting_table":94,"minecraft:leave_game":9,"minecraft:time_since_death":65801,"minecraft:climb_one_cm":7393,"minecraft:sprint_one_cm":563008,"minecraft:walk_one_cm":1403085,"minecraft:drop":10,"minecraft:play_time":643410,"minecraft:deaths":20,"minecraft:sneak_time":119185,"minecraft:walk_under_water_one_cm":46029,"minecraft:boat_one_cm":34316,"minecraft:jump":3115,"minecraft:walk_on_water_one_cm":112448,"minecraft:total_world_time":643410,"minecraft:interact_with_furnace":32,"minecraft:interact_with_grindstone":2,"minecraft:sleep_in_bed":15,"minecraft:time_since_rest":9704,"minecraft:damage_taken":6511,"minecraft:damage_dealt":17093,"minecraft:fly_one_cm":480124,"minecraft:player_kills":1,"minecraft:open_chest":616,"minecraft:crouch_one_cm":522150,"minecraft:fall_one_cm":28117,"minecraft:use_cauldron":9},"minecraft:mined":{"minecraft:white_bed":2,"minecraft:oak_sapling":12,"minecraft:cobblestone_stairs":7,"minecraft:grass_block":49,"minecraft:oak_trapdoor":4,"minecraft:fire":18,"minecraft:cobblestone_slab":193,"minecraft:pointed_dripstone":15,"minecraft:potatoes":37,"minecraft:iron_bars":1,"minecraft:bamboo":172,"minecraft:scaffolding":27,"minecraft:dandelion":1,"minecraft:crafting_table":2,"minecraft:torch":51,"minecraft:short_grass":16,"minecraft:poppy":1,"minecraft:chest":3,"minecraft:stone_slab":2,"minecraft:cobblestone":4118,"minecraft:tall_grass":1,"minecraft:oak_planks":10,"minecraft:cauldron":4,"minecraft:bamboo_planks":4,"minecraft:sea_pickle":4,"minecraft:ice":1,"minecraft:oak_log":208,"minecraft:dirt":44,"minecraft:oak_leaves":253},"minecraft:crafted":{"minecraft:grindstone":1,"minecraft:oak_planks":464,"minecraft:cobblestone_slab":2460,"minecraft:stone_shovel":1,"minecraft:furnace":1,"minecraft:stone":10,"minecraft:cobblestone_stairs":4,"minecraft:bone_meal":132,"minecraft:oak_trapdoor":82,"minecraft:scaffolding":24,"minecraft:bamboo_block":62,"minecraft:bow":9,"minecraft:stone_pickaxe":41,"minecraft:chest":9,"minecraft:stone_hoe":1,"minecraft:oak_fence":15,"minecraft:cooked_cod":6,"minecraft:cauldron":1,"minecraft:crafting_table":2,"minecraft:wooden_pickaxe":1,"minecraft:baked_potato":61,"minecraft:bucket":1,"minecraft:stone_axe":7,"minecraft:air":0,"minecraft:oak_fence_gate":1,"minecraft:oak_boat":3,"minecraft:bamboo_planks":124,"minecraft:white_wool":3,"minecraft:charcoal":31,"minecraft:gold_nugget":5,"minecraft:stick":99,"minecraft:stone_slab":6,"minecraft:stone_sword":11,"minecraft:white_bed":1,"minecraft:torch":44,"minecraft:bamboo_trapdoor":34},"minecraft:picked_up":{"minecraft:crafting_table":2,"minecraft:chainmail_boots":1,"minecraft:chicken":2,"minecraft:leather_leggings":6,"minecraft:stone_slab":2,"minecraft:turtle_egg":2,"minecraft:oak_trapdoor":4,"minecraft:string":19,"minecraft:pufferfish":1,"minecraft:iron_shovel":3,"minecraft:sea_pickle":3,"minecraft:bucket":1,"minecraft:cobblestone_slab":623,"minecraft:poppy":1,"minecraft:chest":3,"minecraft:golden_helmet":2,"minecraft:stick":68,"minecraft:glow_item_frame":1,"minecraft:torch":56,"minecraft:pointed_dripstone":15,"minecraft:carrot":2,"minecraft:redstone":39,"minecraft:golden_chestplate":4,"minecraft:cauldron":4,"minecraft:arrow":645,"minecraft:stone_sword":2,"minecraft:cactus":3,"minecraft:stone_shovel":1,"minecraft:rotten_flesh":707,"minecraft:iron_bars":1,"minecraft:cod":7,"minecraft:cobblestone":3668,"minecraft:feather":4,"minecraft:leather_chestplate":5,"minecraft:dune_armor_trim_smithing_template":1,"minecraft:water_bucket":1,"minecraft:golden_leggings":8,"minecraft:potato":131,"minecraft:oak_log":239,"minecraft:golden_boots":7,"minecraft:gunpowder":682,"minecraft:cobblestone_stairs":7,"minecraft:dirt":80,"minecraft:leather_boots":3,"minecraft:bone":662,"minecraft:apple":7,"minecraft:bow":43,"minecraft:wheat_seeds":1,"minecraft:iron_ingot":12,"minecraft:stone_pickaxe":7,"minecraft:glass_bottle":6,"minecraft:bamboo":865,"minecraft:oak_planks":13,"minecraft:music_disc_chirp":1,"minecraft:scaffolding":51,"minecraft:bamboo_planks":4,"minecraft:dandelion":1,"minecraft:poisonous_potato":2,"minecraft:sand":22,"minecraft:white_bed":2,"minecraft:spider_eye":1,"minecraft:leather_helmet":3,"minecraft:oak_wood":3,"minecraft:music_disc_mall":1,"minecraft:sugar":6,"minecraft:stone_axe":4,"minecraft:writable_book":1,"minecraft:chainmail_leggings":1,"minecraft:bone_meal":57,"minecraft:baked_potato":52,"minecraft:oak_sapling":123},"minecraft:broken":{"minecraft:leather_helmet":2,"minecraft:golden_boots":1,"minecraft:stone_sword":8,"minecraft:leather_chestplate":2,"minecraft:stone_pickaxe":27,"minecraft:stone_axe":1},"minecraft:killed":{"minecraft:witch":7,"minecraft:spider":3,"minecraft:cod":3,"minecraft:pufferfish":1,"minecraft:skeleton":500,"minecraft:chicken":2,"minecraft:tropical_fish":9,"minecraft:zombie_villager":2,"minecraft:creeper":584,"minecraft:zombie":575},"minecraft:killed_by":{"minecraft:zombie_villager":9,"minecraft:witch":2},"minecraft:dropped":{"minecraft:oak_fence":4,"minecraft:cobblestone":29,"minecraft:writable_book":1,"minecraft:bucket":1,"minecraft:obsidian":10,"minecraft:cobblestone_slab":38,"minecraft:stone_pickaxe":2,"minecraft:wooden_pickaxe":2}},"DataVersion":3955}