{"stats":{"minecraft:killed_by":{"minecraft:zombie_villager":9,"minecraft:zombified_piglin":1,"minecraft:witch":2},"minecraft:killed":{"minecraft:witch":7,"minecraft:spider":3,"minecraft:cod":3,"minecraft:pufferfish":1,"minecraft:skeleton":507,"minecraft:chicken":2,"minecraft:tropical_fish":9,"minecraft:zombie_villager":3,"minecraft:creeper":595,"minecraft:zombie":593},"minecraft:broken":{"minecraft:leather_helmet":2,"minecraft:golden_boots":1,"minecraft:stone_sword":8,"minecraft:leather_chestplate":2,"minecraft:stone_pickaxe":27,"minecraft:leather_boots":1,"minecraft:stone_axe":3},"minecraft:mined":{"minecraft:white_bed":2,"minecraft:oak_sapling":13,"minecraft:dark_oak_leaves":83,"minecraft:cobblestone_stairs":7,"minecraft:dark_oak_log":293,"minecraft:grass_block":55,"minecraft:oak_trapdoor":4,"minecraft:dark_oak_trapdoor":9,"minecraft:fire":19,"minecraft:cobblestone_slab":248,"minecraft:pointed_dripstone":15,"minecraft:potatoes":37,"minecraft:iron_bars":1,"minecraft:bamboo":172,"minecraft:scaffolding":30,"minecraft:dandelion":1,"minecraft:crafting_table":2,"minecraft:torch":51,"minecraft:short_grass":21,"minecraft:poppy":1,"minecraft:chest":3,"minecraft:stone_slab":2,"minecraft:cobblestone":4129,"minecraft:tall_grass":2,"minecraft:grindstone":1,"minecraft:oak_planks":12,"minecraft:cauldron":4,"minecraft:bamboo_planks":4,"minecraft:sea_pickle":4,"minecraft:ice":1,"minecraft:oak_log":213,"minecraft:dark_oak_sapling":12,"minecraft:dirt":44,"minecraft:oak_leaves":255},"minecraft:custom":{"minecraft:mob_kills":1737,"minecraft:interact_with_crafting_table":106,"minecraft:leave_game":10,"minecraft:time_since_death":75080,"minecraft:climb_one_cm":30557,"minecraft:sprint_one_cm":634686,"minecraft:walk_one_cm":1592200,"minecraft:drop":10,"minecraft:play_time":774616,"minecraft:deaths":21,"minecraft:sneak_time":155605,"minecraft:walk_under_water_one_cm":46029,"minecraft:boat_one_cm":34316,"minecraft:jump":3725,"minecraft:walk_on_water_one_cm":118639,"minecraft:total_world_time":774616,"minecraft:interact_with_furnace":33,"minecraft:interact_with_grindstone":2,"minecraft:sleep_in_bed":17,"minecraft:time_since_rest":47429,"minecraft:damage_taken":6786,"minecraft:damage_dealt":17433,"minecraft:fly_one_cm":569469,"minecraft:player_kills":1,"minecraft:open_chest":697,"minecraft:crouch_one_cm":701600,"minecraft:fall_one_cm":30298,"minecraft:use_cauldron":10},"minecraft:crafted":{"minecraft:grindstone":1,"minecraft:oak_planks":464,"minecraft:cobblestone_slab":3804,"minecraft:stone_shovel":1,"minecraft:furnace":1,"minecraft:dark_oak_trapdoor":388,"minecraft:stone":10,"minecraft:cobblestone_stairs":4,"minecraft:bone_meal":408,"minecraft:oak_trapdoor":82,"minecraft:scaffolding":42,"minecraft:bamboo_block":62,"minecraft:bow":9,"minecraft:stone_pickaxe":41,"minecraft:chest":9,"minecraft:dark_oak_planks":1168,"minecraft:stone_hoe":1,"minecraft:oak_fence":15,"minecraft:cooked_cod":6,"minecraft:cauldron":1,"minecraft:crafting_table":3,"minecraft:wooden_pickaxe":1,"minecraft:baked_potato":61,"minecraft:bucket":1,"minecraft:stone_axe":9,"minecraft:air":0,"minecraft:oak_fence_gate":1,"minecraft:oak_boat":3,"minecraft:bamboo_planks":124,"minecraft:white_wool":3,"minecraft:charcoal":31,"minecraft:gold_nugget":5,"minecraft:stick":99,"minecraft:stone_slab":6,"minecraft:stone_sword":11,"minecraft:white_bed":1,"minecraft:torch":44,"minecraft:bamboo_trapdoor":34},"minecraft:dropped":{"minecraft:oak_fence":4,"minecraft:cobblestone":29,"minecraft:writable_book":1,"minecraft:bucket":1,"minecraft:obsidian":10,"minecraft:cobblestone_slab":38,"minecraft:stone_pickaxe":2,"minecraft:wooden_pickaxe":2},"minecraft:picked_up":{"minecraft:crafting_table":2,"minecraft:chainmail_boots":1,"minecraft:chicken":2,"minecraft:leather_leggings":7,"minecraft:stone_slab":2,"minecraft:turtle_egg":2,"minecraft:oak_trapdoor":4,"minecraft:string":19,"minecraft:dark_oak_trapdoor":9,"minecraft:pufferfish":1,"minecraft:iron_shovel":3,"minecraft:sea_pickle":3,"minecraft:bucket":2,"minecraft:cobblestone_slab":730,"minecraft:poppy":1,"minecraft:chest":3,"minecraft:golden_helmet":2,"minecraft:dark_oak_sapling":45,"minecraft:stick":107,"minecraft:glow_item_frame":1,"minecraft:torch":58,"minecraft:pointed_dripstone":15,"minecraft:carrot":2,"minecraft:redstone":39,"minecraft:golden_chestplate":5,"minecraft:cauldron":4,"minecraft:arrow":726,"minecraft:stone_sword":3,"minecraft:cactus":3,"minecraft:stone_shovel":1,"minecraft:rotten_flesh":737,"minecraft:iron_bars":1,"minecraft:cod":7,"minecraft:cobblestone":3676,"minecraft:feather":4,"minecraft:leather_chestplate":5,"minecraft:dune_armor_trim_smithing_template":1,"minecraft:water_bucket":1,"minecraft:golden_leggings":8,"minecraft:potato":131,"minecraft:oak_log":244,"minecraft:golden_boots":8,"minecraft:gunpowder":768,"minecraft:cobblestone_stairs":7,"minecraft:dirt":88,"minecraft:leather_boots":3,"minecraft:bone":683,"minecraft:apple":13,"minecraft:bow":45,"minecraft:wheat_seeds":2,"minecraft:grindstone":1,"minecraft:iron_ingot":12,"minecraft:stone_pickaxe":8,"minecraft:glass_bottle":6,"minecraft:bamboo":865,"minecraft:oak_planks":13,"minecraft:music_disc_chirp":1,"minecraft:scaffolding":96,"minecraft:bamboo_planks":4,"minecraft:dandelion":1,"minecraft:poisonous_potato":2,"minecraft:sand":22,"minecraft:white_bed":2,"minecraft:dark_oak_log":337,"minecraft:spider_eye":1,"minecraft:leather_helmet":4,"minecraft:oak_wood":3,"minecraft:music_disc_mall":1,"minecraft:sugar":6,"minecraft:stone_axe":5,"minecraft:writable_book":1,"minecraft:chainmail_leggings":1,"minecraft:bone_meal":85,"minecraft:baked_potato":52,"minecraft:oak_sapling":129},"minecraft:used":{"minecraft:oak_fence":11,"minecraft:oak_trapdoor":72,"minecraft:writable_book":1,"minecraft:stone_sword":1065,"minecraft:stone_shovel":14,"minecraft:chest":13,"minecraft:stone_hoe":50,"minecraft:rotten_flesh":40,"minecraft:torch":70,"minecraft:dirt":89,"minecraft:golden_chestplate":1,"minecraft:oak_fence_gate":1,"minecraft:lava_bucket":37,"minecraft:bamboo":91,"minecraft:written_book":2,"minecraft:scaffolding":62,"minecraft:oak_sapling":48,"minecraft:furnace":1,"minecraft:cooked_cod":6,"minecraft:potato":37,"minecraft:bamboo_planks":4,"minecraft:pointed_dripstone":14,"minecraft:dark_oak_sapling":36,"minecraft:bamboo_trapdoor":34,"minecraft:water_bucket":74,"minecraft:leather_leggings":5,"minecraft:cobblestone_stairs":9,"minecraft:stone_pickaxe":4448,"minecraft:baked_potato":16,"minecraft:oak_planks":19,"minecraft:wooden_pickaxe":16,"minecraft:leather_chestplate":2,"minecraft:cauldron":5,"minecraft:leather_boots":1,"minecraft:cobblestone_slab":3655,"minecraft:glow_item_frame":1,"minecraft:dark_oak_trapdoor":219,"minecraft:crafting_table":4,"minecraft:white_bed":3,"minecraft:oak_log":13,"minecraft:apple":7,"minecraft:dark_oak_log":1,"minecraft:chicken":1,"minecraft:stone_slab":6,"minecraft:golden_leggings":3,"minecraft:stone_axe":701,"minecraft:cobblestone":1489,"minecraft:grindstone":2,"minecraft:bucket":110,"minecraft:ice":1,"minecraft:oak_boat":3,"minecraft:sea_pickle":5,"minecraft:bone_meal":296,"minecraft:chainmail_leggings":1}},"DataVersion":3955}