{"stats":{"minecraft:used":{"minecraft:oak_trapdoor":72,"minecraft:writable_book":1,"minecraft:stone_sword":508,"minecraft:stone_shovel":14,"minecraft:chest":13,"minecraft:stone_hoe":50,"minecraft:rotten_flesh":34,"minecraft:torch":69,"minecraft:dirt":83,"minecraft:lava_bucket":7,"minecraft:bamboo":91,"minecraft:written_book":2,"minecraft:scaffolding":27,"minecraft:oak_sapling":36,"minecraft:furnace":1,"minecraft:cooked_cod":6,"minecraft:potato":37,"minecraft:bamboo_planks":4,"minecraft:pointed_dripstone":1,"minecraft:water_bucket":49,"minecraft:bamboo_trapdoor":34,"minecraft:cobblestone_stairs":7,"minecraft:stone_pickaxe":1611,"minecraft:oak_planks":4,"minecraft:wooden_pickaxe":16,"minecraft:cauldron":2,"minecraft:cobblestone_slab":2122,"minecraft:glow_item_frame":1,"minecraft:crafting_table":3,"minecraft:white_bed":1,"minecraft:oak_log":9,"minecraft:apple":2,"minecraft:golden_leggings":1,"minecraft:stone_axe":295,"minecraft:cobblestone":1446,"minecraft:bucket":55,"minecraft:ice":1,"minecraft:oak_boat":1,"minecraft:sea_pickle":5,"minecraft:bone_meal":85},"minecraft:custom":{"minecraft:mob_kills":741,"minecraft:interact_with_crafting_table":70,"minecraft:leave_game":6,"minecraft:time_since_death":139546,"minecraft:climb_one_cm":6801,"minecraft:sprint_one_cm":358337,"minecraft:walk_one_cm":925407,"minecraft:drop":9,"minecraft:play_time":387884,"minecraft:deaths":7,"minecraft:sneak_time":90928,"minecraft:walk_under_water_one_cm":42304,"minecraft:boat_one_cm":9798,"minecraft:jump":2113,"minecraft:walk_on_water_one_cm":100880,"minecraft:total_world_time":387884,"minecraft:interact_with_furnace":25,"minecraft:sleep_in_bed":6,"minecraft:time_since_rest":16458,"minecraft:damage_taken":2483,"minecraft:damage_dealt":7066,"minecraft:fly_one_cm":300746,"minecraft:player_kills":1,"minecraft:open_chest":384,"minecraft:crouch_one_cm":409566,"minecraft:use_cauldron":1,"minecraft:fall_one_cm":19068},"minecraft:mined":{"minecraft:oak_sapling":12,"minecraft:cobblestone_stairs":6,"minecraft:grass_block":49,"minecraft:oak_trapdoor":4,"minecraft:fire":17,"minecraft:potatoes":31,"minecraft:pointed_dripstone":3,"minecraft:cobblestone_slab":161,"minecraft:bamboo":172,"minecraft:scaffolding":26,"minecraft:dandelion":1,"minecraft:crafting_table":2,"minecraft:torch":50,"minecraft:short_grass":16,"minecraft:poppy":1,"minecraft:chest":3,"minecraft:cobblestone":1417,"minecraft:tall_grass":1,"minecraft:oak_planks":3,"minecraft:cauldron":1,"minecraft:bamboo_planks":4,"minecraft:sea_pickle":4,"minecraft:ice":1,"minecraft:oak_log":154,"minecraft:dirt":44,"minecraft:oak_leaves":203},"minecraft:crafted":{"minecraft:oak_planks":428,"minecraft:cobblestone_slab":2064,"minecraft:stone_shovel":1,"minecraft:furnace":1,"minecraft:cobblestone_stairs":4,"minecraft:bone_meal":84,"minecraft:oak_trapdoor":82,"minecraft:scaffolding":24,"minecraft:bamboo_block":62,"minecraft:bow":9,"minecraft:stone_pickaxe":16,"minecraft:chest":9,"minecraft:stone_hoe":1,"minecraft:cooked_cod":6,"minecraft:cauldron":1,"minecraft:crafting_table":2,"minecraft:wooden_pickaxe":1,"minecraft:stone_axe":3,"minecraft:air":0,"minecraft:oak_boat":1,"minecraft:bamboo_planks":124,"minecraft:white_wool":3,"minecraft:gold_nugget":5,"minecraft:charcoal":31,"minecraft:stick":29,"minecraft:stone_sword":7,"minecraft:white_bed":1,"minecraft:torch":44,"minecraft:bamboo_trapdoor":34},"minecraft:broken":{"minecraft:stone_sword":4,"minecraft:stone_pickaxe":7,"minecraft:stone_axe":1},"minecraft:picked_up":{"minecraft:crafting_table":2,"minecraft:chainmail_boots":1,"minecraft:chicken":1,"minecraft:turtle_egg":2,"minecraft:oak_trapdoor":4,"minecraft:string":17,"minecraft:iron_shovel":1,"minecraft:pufferfish":1,"minecraft:sea_pickle":3,"minecraft:cobblestone_slab":452,"minecraft:poppy":1,"minecraft:chest":3,"minecraft:stick":39,"minecraft:glow_item_frame":1,"minecraft:torch":55,"minecraft:pointed_dripstone":3,"minecraft:carrot":1,"minecraft:redstone":11,"minecraft:golden_chestplate":3,"minecraft:cauldron":1,"minecraft:stone_shovel":1,"minecraft:arrow":298,"minecraft:cactus":3,"minecraft:rotten_flesh":267,"minecraft:cod":7,"minecraft:cobblestone":1377,"minecraft:dune_armor_trim_smithing_template":1,"minecraft:feather":2,"minecraft:golden_leggings":5,"minecraft:potato":116,"minecraft:oak_log":158,"minecraft:golden_boots":3,"minecraft:gunpowder":291,"minecraft:cobblestone_stairs":6,"minecraft:dirt":80,"minecraft:leather_boots":1,"minecraft:bone":307,"minecraft:apple":4,"minecraft:bow":24,"minecraft:wheat_seeds":1,"minecraft:iron_ingot":9,"minecraft:stone_pickaxe":2,"minecraft:glass_bottle":2,"minecraft:bamboo":865,"minecraft:oak_planks":2,"minecraft:music_disc_chirp":1,"minecraft:scaffolding":27,"minecraft:bamboo_planks":4,"minecraft:dandelion":1,"minecraft:poisonous_potato":2,"minecraft:sand":22,"minecraft:spider_eye":1,"minecraft:leather_helmet":1,"minecraft:oak_wood":3,"minecraft:music_disc_mall":1,"minecraft:sugar":2,"minecraft:writable_book":1,"minecraft:bone_meal":57,"minecraft:oak_sapling":91},"minecraft:killed":{"minecraft:witch":2,"minecraft:spider":3,"minecraft:cod":3,"minecraft:pufferfish":1,"minecraft:skeleton":235,"minecraft:chicken":1,"minecraft:tropical_fish":9,"minecraft:creeper":244,"minecraft:zombie":229},"minecraft:killed_by":{"minecraft:witch":2},"minecraft:dropped":{"minecraft:cobblestone":29,"minecraft:writable_book":1,"minecraft:bucket":1,"minecraft:obsidian":10,"minecraft:cobblestone_slab":38,"minecraft:stone_pickaxe":2,"minecraft:wooden_pickaxe":2}},"DataVersion":3955}