{"stats":{"minecraft:used":{"minecraft:oak_trapdoor":62,"minecraft:bamboo_trapdoor":34,"minecraft:water_bucket":47,"minecraft:writable_book":1,"minecraft:stone_sword":104,"minecraft:cobblestone_stairs":7,"minecraft:stone_shovel":14,"minecraft:stone_pickaxe":626,"minecraft:oak_planks":4,"minecraft:chest":5,"minecraft:wooden_pickaxe":16,"minecraft:cobblestone_slab":1397,"minecraft:stone_hoe":44,"minecraft:glow_item_frame":1,"minecraft:torch":59,"minecraft:dirt":83,"minecraft:crafting_table":3,"minecraft:oak_log":9,"minecraft:lava_bucket":5,"minecraft:apple":2,"minecraft:bamboo":91,"minecraft:stone_axe":232,"minecraft:cobblestone":1395,"minecraft:written_book":2,"minecraft:furnace":1,"minecraft:oak_sapling":28,"minecraft:cooked_cod":5,"minecraft:bucket":51,"minecraft:ice":1,"minecraft:sea_pickle":5},"minecraft:mined":{"minecraft:oak_sapling":12,"minecraft:cobblestone_stairs":5,"minecraft:dandelion":1,"minecraft:crafting_table":2,"minecraft:torch":47,"minecraft:short_grass":11,"minecraft:grass_block":49,"minecraft:poppy":1,"minecraft:chest":3,"minecraft:cobblestone":530,"minecraft:oak_planks":3,"minecraft:oak_trapdoor":2,"minecraft:sea_pickle":4,"minecraft:fire":6,"minecraft:ice":1,"minecraft:oak_log":114,"minecraft:cobblestone_slab":79,"minecraft:dirt":43,"minecraft:bamboo":123,"minecraft:oak_leaves":146},"minecraft:custom":{"minecraft:interact_with_furnace":17,"minecraft:mob_kills":13,"minecraft:interact_with_crafting_table":48,"minecraft:leave_game":5,"minecraft:time_since_death":71727,"minecraft:climb_one_cm":173,"minecraft:time_since_rest":71838,"minecraft:sprint_one_cm":152012,"minecraft:walk_one_cm":542335,"minecraft:damage_taken":1618,"minecraft:drop":7,"minecraft:damage_dealt":614,"minecraft:fly_one_cm":173346,"minecraft:player_kills":1,"minecraft:open_chest":176,"minecraft:crouch_one_cm":313578,"minecraft:play_time":227119,"minecraft:deaths":5,"minecraft:sneak_time":68722,"minecraft:walk_under_water_one_cm":42304,"minecraft:jump":1468,"minecraft:walk_on_water_one_cm":88906,"minecraft:total_world_time":227119,"minecraft:fall_one_cm":15146},"minecraft:crafted":{"minecraft:cooked_cod":6,"minecraft:oak_planks":256,"minecraft:cobblestone_slab":1236,"minecraft:stone_shovel":1,"minecraft:crafting_table":2,"minecraft:wooden_pickaxe":1,"minecraft:furnace":1,"minecraft:cobblestone_stairs":4,"minecraft:stone_axe":3,"minecraft:air":0,"minecraft:oak_trapdoor":64,"minecraft:bamboo_block":62,"minecraft:bamboo_planks":124,"minecraft:charcoal":31,"minecraft:stick":20,"minecraft:stone_pickaxe":7,"minecraft:stone_sword":2,"minecraft:chest":2,"minecraft:torch":44,"minecraft:stone_hoe":1,"minecraft:bamboo_trapdoor":34},"minecraft:picked_up":{"minecraft:crafting_table":2,"minecraft:dune_armor_trim_smithing_template":1,"minecraft:turtle_egg":2,"minecraft:oak_log":118,"minecraft:cobblestone_stairs":5,"minecraft:oak_trapdoor":2,"minecraft:dirt":79,"minecraft:pufferfish":1,"minecraft:apple":2,"minecraft:sea_pickle":3,"minecraft:iron_ingot":6,"minecraft:stone_pickaxe":2,"minecraft:cobblestone_slab":267,"minecraft:poppy":1,"minecraft:bamboo":614,"minecraft:chest":3,"minecraft:oak_planks":2,"minecraft:stick":31,"minecraft:glow_item_frame":1,"minecraft:torch":47,"minecraft:dandelion":1,"minecraft:sand":22,"minecraft:oak_wood":3,"minecraft:cactus":3,"minecraft:stone_shovel":1,"minecraft:writable_book":1,"minecraft:bone_meal":1,"minecraft:oak_sapling":64,"minecraft:cod":7,"minecraft:cobblestone":575},"minecraft:broken":{"minecraft:stone_pickaxe":1,"minecraft:stone_sword":1,"minecraft:stone_axe":1},"minecraft:killed":{"minecraft:cod":3,"minecraft:pufferfish":1,"minecraft:tropical_fish":9},"minecraft:dropped":{"minecraft:obsidian":10,"minecraft:writable_book":1,"minecraft:stone_pickaxe":2,"minecraft:wooden_pickaxe":2,"minecraft:bucket":1}},"DataVersion":3955}