{"stats":{"minecraft:used":{"minecraft:oak_trapdoor":72,"minecraft:bamboo_trapdoor":34,"minecraft:water_bucket":48,"minecraft:writable_book":1,"minecraft:stone_sword":391,"minecraft:cobblestone_stairs":7,"minecraft:stone_shovel":14,"minecraft:stone_pickaxe":1289,"minecraft:oak_planks":4,"minecraft:chest":13,"minecraft:wooden_pickaxe":16,"minecraft:cobblestone_slab":1628,"minecraft:stone_hoe":44,"minecraft:rotten_flesh":17,"minecraft:glow_item_frame":1,"minecraft:torch":69,"minecraft:dirt":83,"minecraft:crafting_table":3,"minecraft:white_bed":1,"minecraft:oak_log":9,"minecraft:apple":2,"minecraft:lava_bucket":5,"minecraft:golden_leggings":1,"minecraft:bamboo":91,"minecraft:stone_axe":295,"minecraft:cobblestone":1430,"minecraft:written_book":2,"minecraft:furnace":1,"minecraft:oak_sapling":36,"minecraft:cooked_cod":6,"minecraft:bucket":53,"minecraft:ice":1,"minecraft:oak_boat":1,"minecraft:sea_pickle":5,"minecraft:bone_meal":13,"minecraft:bamboo_planks":4},"minecraft:mined":{"minecraft:oak_sapling":12,"minecraft:cobblestone_stairs":6,"minecraft:dandelion":1,"minecraft:crafting_table":2,"minecraft:torch":50,"minecraft:short_grass":16,"minecraft:grass_block":49,"minecraft:poppy":1,"minecraft:chest":3,"minecraft:tall_grass":1,"minecraft:cobblestone":1123,"minecraft:oak_planks":3,"minecraft:oak_trapdoor":4,"minecraft:bamboo_planks":4,"minecraft:sea_pickle":4,"minecraft:fire":17,"minecraft:ice":1,"minecraft:oak_log":154,"minecraft:cobblestone_slab":137,"minecraft:dirt":44,"minecraft:bamboo":172,"minecraft:oak_leaves":203},"minecraft:custom":{"minecraft:interact_with_furnace":22,"minecraft:mob_kills":455,"minecraft:interact_with_crafting_table":65,"minecraft:leave_game":6,"minecraft:time_since_death":73546,"minecraft:sleep_in_bed":2,"minecraft:climb_one_cm":173,"minecraft:time_since_rest":13482,"minecraft:sprint_one_cm":282212,"minecraft:walk_one_cm":743030,"minecraft:damage_taken":2274,"minecraft:drop":9,"minecraft:damage_dealt":4751,"minecraft:fly_one_cm":280328,"minecraft:player_kills":1,"minecraft:open_chest":292,"minecraft:crouch_one_cm":342350,"minecraft:play_time":321884,"minecraft:deaths":7,"minecraft:sneak_time":77534,"minecraft:walk_under_water_one_cm":42304,"minecraft:boat_one_cm":9798,"minecraft:jump":1917,"minecraft:walk_on_water_one_cm":97969,"minecraft:total_world_time":321884,"minecraft:fall_one_cm":16598},"minecraft:crafted":{"minecraft:cooked_cod":6,"minecraft:oak_planks":428,"minecraft:cobblestone_slab":1872,"minecraft:stone_shovel":1,"minecraft:crafting_table":2,"minecraft:wooden_pickaxe":1,"minecraft:furnace":1,"minecraft:cobblestone_stairs":4,"minecraft:bone_meal":84,"minecraft:stone_axe":3,"minecraft:air":0,"minecraft:oak_trapdoor":82,"minecraft:scaffolding":6,"minecraft:bamboo_block":62,"minecraft:oak_boat":1,"minecraft:bamboo_planks":124,"minecraft:bow":9,"minecraft:white_wool":3,"minecraft:charcoal":31,"minecraft:stick":29,"minecraft:white_bed":1,"minecraft:stone_pickaxe":13,"minecraft:stone_sword":5,"minecraft:chest":9,"minecraft:torch":44,"minecraft:stone_hoe":1,"minecraft:bamboo_trapdoor":34},"minecraft:picked_up":{"minecraft:crafting_table":2,"minecraft:dune_armor_trim_smithing_template":1,"minecraft:chainmail_boots":1,"minecraft:golden_leggings":5,"minecraft:turtle_egg":2,"minecraft:oak_log":158,"minecraft:golden_boots":2,"minecraft:gunpowder":167,"minecraft:cobblestone_stairs":6,"minecraft:string":14,"minecraft:dirt":80,"minecraft:oak_trapdoor":4,"minecraft:leather_boots":1,"minecraft:pufferfish":1,"minecraft:bone":207,"minecraft:apple":4,"minecraft:sea_pickle":3,"minecraft:bow":16,"minecraft:wheat_seeds":1,"minecraft:stone_pickaxe":2,"minecraft:iron_ingot":6,"minecraft:cobblestone_slab":419,"minecraft:poppy":1,"minecraft:bamboo":865,"minecraft:chest":3,"minecraft:oak_planks":2,"minecraft:music_disc_chirp":1,"minecraft:stick":38,"minecraft:bamboo_planks":4,"minecraft:glow_item_frame":1,"minecraft:torch":55,"minecraft:dandelion":1,"minecraft:sand":22,"minecraft:carrot":1,"minecraft:redstone":7,"minecraft:golden_chestplate":2,"minecraft:music_disc_mall":1,"minecraft:rotten_flesh":158,"minecraft:oak_wood":3,"minecraft:cactus":3,"minecraft:arrow":201,"minecraft:stone_shovel":1,"minecraft:writable_book":1,"minecraft:bone_meal":57,"minecraft:oak_sapling":91,"minecraft:cod":7,"minecraft:cobblestone":1143},"minecraft:broken":{"minecraft:stone_pickaxe":5,"minecraft:stone_sword":3,"minecraft:stone_axe":1},"minecraft:killed":{"minecraft:witch":1,"minecraft:cod":3,"minecraft:creeper":145,"minecraft:pufferfish":1,"minecraft:skeleton":151,"minecraft:zombie":139,"minecraft:tropical_fish":9},"minecraft:killed_by":{"minecraft:witch":2},"minecraft:dropped":{"minecraft:obsidian":10,"minecraft:cobblestone":29,"minecraft:cobblestone_slab":38,"minecraft:writable_book":1,"minecraft:stone_pickaxe":2,"minecraft:wooden_pickaxe":2,"minecraft:bucket":1}},"DataVersion":3955}