{"stats":{"minecraft:custom":{"minecraft:time_since_rest":9174,"minecraft:crouch_one_cm":3,"minecraft:play_time":9174,"minecraft:sprint_one_cm":19269,"minecraft:damage_taken":30,"minecraft:walk_one_cm":23288,"minecraft:sneak_time":22,"minecraft:mob_kills":7,"minecraft:jump":178,"minecraft:damage_dealt":527,"minecraft:leave_game":2,"minecraft:time_since_death":9174,"minecraft:climb_one_cm":655,"minecraft:total_world_time":9174,"minecraft:player_kills":1,"minecraft:interact_with_crafting_table":2,"minecraft:fall_one_cm":5480,"minecraft:fly_one_cm":29565},"minecraft:crafted":{"minecraft:white_bed":2,"minecraft:oak_planks":20,"minecraft:crafting_table":1,"minecraft:stick":4,"minecraft:wooden_pickaxe":1,"minecraft:wooden_axe":1},"minecraft:used":{"minecraft:wooden_axe":14,"minecraft:crafting_table":2,"minecraft:poppy":1,"minecraft:dandelion":1},"minecraft:killed":{"minecraft:sheep":7},"minecraft:picked_up":{"minecraft:crafting_table":2,"minecraft:acacia_planks":32,"minecraft:acacia_log":1,"minecraft:dandelion":1,"minecraft:oak_log":5,"minecraft:bamboo":10,"minecraft:poppy":1,"minecraft:light_gray_wool":1,"minecraft:mutton":9,"minecraft:white_wool":6},"minecraft:mined":{"minecraft:short_grass":1,"minecraft:acacia_log":2,"minecraft:poppy":1,"minecraft:bamboo":1,"minecraft:dandelion":1,"minecraft:crafting_table":2}},"DataVersion":3700}