{"stats":{"minecraft:crafted":{"minecraft:oak_planks":40,"minecraft:crafting_table":1,"minecraft:stick":4,"minecraft:wooden_pickaxe":1,"minecraft:wooden_axe":1},"minecraft:used":{"minecraft:wooden_axe":7,"minecraft:crafting_table":1,"minecraft:oak_sapling":1,"minecraft:wooden_pickaxe":12},"minecraft:picked_up":{"minecraft:crafting_table":1,"minecraft:stick":3,"minecraft:apple":1,"minecraft:beef":8,"minecraft:gray_wool":1,"minecraft:oak_log":10,"minecraft:mutton":3,"minecraft:oak_sapling":5,"minecraft:coal":1,"minecraft:white_wool":1,"minecraft:cobblestone":11},"minecraft:killed":{"minecraft:sheep":2,"minecraft:cow":3},"minecraft:mined":{"minecraft:coal_ore":1,"minecraft:short_grass":4,"minecraft:grass_block":2,"minecraft:oak_log":10,"minecraft:oak_sapling":1,"minecraft:stone":11,"minecraft:oak_leaves":5,"minecraft:crafting_table":1},"minecraft:custom":{"minecraft:open_chest":1,"minecraft:time_since_rest":6438,"minecraft:play_time":6438,"minecraft:sprint_one_cm":12399,"minecraft:walk_one_cm":22952,"minecraft:sneak_time":25,"minecraft:mob_kills":5,"minecraft:jump":136,"minecraft:damage_dealt":460,"minecraft:leave_game":2,"minecraft:time_since_death":6438,"minecraft:total_world_time":6438,"minecraft:interact_with_crafting_table":1,"minecraft:fall_one_cm":3880,"minecraft:fly_one_cm":20744}},"DataVersion":3700}