{"stats":{"minecraft:custom":{"minecraft:jump":85,"minecraft:time_since_rest":17960,"minecraft:damage_dealt":18,"minecraft:damage_taken":125,"minecraft:sprint_one_cm":7781,"minecraft:play_time":17960,"minecraft:walk_on_water_one_cm":1017,"minecraft:time_since_death":17960,"minecraft:walk_one_cm":15362,"minecraft:total_world_time":17960,"minecraft:walk_under_water_one_cm":2064,"minecraft:fall_one_cm":836,"minecraft:fly_one_cm":6664},"minecraft:mined":{"minecraft:grass_block":1}},"DataVersion":3955}