{"stats":{"minecraft:used":{"minecraft:dirt":4},"minecraft:mined":{"minecraft:grass_block":1,"minecraft:oak_log":8,"minecraft:oak_leaves":7,"minecraft:dirt":3},"minecraft:custom":{"minecraft:jump":55,"minecraft:time_since_rest":4433,"minecraft:leave_game":1,"minecraft:damage_dealt":10,"minecraft:crouch_one_cm":739,"minecraft:sprint_one_cm":12686,"minecraft:play_time":4433,"minecraft:damage_taken":50,"minecraft:time_since_death":4433,"minecraft:walk_one_cm":7157,"minecraft:sneak_time":427,"minecraft:total_world_time":4433,"minecraft:fall_one_cm":1300,"minecraft:fly_one_cm":8348},"minecraft:picked_up":{"minecraft:oak_log":8,"minecraft:dirt":4}},"DataVersion":3955}