{"stats":{"minecraft:crafted":{"minecraft:oak_planks":8,"minecraft:stone_shovel":1,"minecraft:furnace":3,"minecraft:cooked_mutton":9,"minecraft:stone_pickaxe":4,"minecraft:chest":3,"minecraft:stone_hoe":2,"minecraft:wheat":171,"minecraft:cooked_beef":1,"minecraft:wooden_shovel":1,"minecraft:cooked_porkchop":13,"minecraft:crafting_table":5,"minecraft:wooden_pickaxe":2,"minecraft:iron_sword":1,"minecraft:stone_axe":4,"minecraft:acacia_boat":1,"minecraft:bread":57,"minecraft:air":0,"minecraft:jungle_planks":100,"minecraft:iron_chestplate":1,"minecraft:charcoal":23,"minecraft:shield":1,"minecraft:stick":108,"minecraft:iron_ingot":17,"minecraft:iron_pickaxe":1,"minecraft:wooden_axe":1,"minecraft:stone_sword":1,"minecraft:gold_ingot":9,"minecraft:acacia_planks":112,"minecraft:torch":112},"minecraft:broken":{"minecraft:stone_pickaxe":1},"minecraft:custom":{"minecraft:mob_kills":19,"minecraft:interact_with_crafting_table":33,"minecraft:leave_game":2,"minecraft:time_since_death":120863,"minecraft:climb_one_cm":3332,"minecraft:sprint_one_cm":315454,"minecraft:walk_one_cm":396193,"minecraft:damage_blocked_by_shield":40,"minecraft:drop":56,"minecraft:talked_to_villager":1,"minecraft:play_time":120863,"minecraft:sneak_time":4989,"minecraft:walk_under_water_one_cm":3007,"minecraft:boat_one_cm":321244,"minecraft:jump":1700,"minecraft:walk_on_water_one_cm":13673,"minecraft:total_world_time":120863,"minecraft:interact_with_furnace":38,"minecraft:sleep_in_bed":6,"minecraft:time_since_rest":15846,"minecraft:damage_taken":806,"minecraft:damage_dealt":2628,"minecraft:swim_one_cm":19989,"minecraft:fly_one_cm":225626,"minecraft:open_chest":21,"minecraft:crouch_one_cm":17065,"minecraft:interact_with_smoker":1,"minecraft:fall_one_cm":40362},"minecraft:used":{"minecraft:stone_sword":44,"minecraft:flint_and_steel":1,"minecraft:stone_shovel":24,"minecraft:chest":3,"minecraft:shield":2,"minecraft:iron_sword":23,"minecraft:wooden_shovel":17,"minecraft:stone_hoe":96,"minecraft:netherrack":6,"minecraft:iron_chestplate":1,"minecraft:orange_bed":6,"minecraft:torch":112,"minecraft:dirt":44,"minecraft:acacia_sapling":1,"minecraft:jungle_sapling":5,"minecraft:wooden_axe":4,"minecraft:furnace":5,"minecraft:oak_sapling":2,"minecraft:cobbled_deepslate":1,"minecraft:wheat_seeds":36,"minecraft:acacia_boat":2,"minecraft:diorite":1,"minecraft:stone_pickaxe":311,"minecraft:wooden_pickaxe":9,"minecraft:crafting_table":10,"minecraft:bread":30,"minecraft:iron_pickaxe":141,"minecraft:stone_axe":125,"minecraft:cobblestone":42,"minecraft:andesite":9},"minecraft:picked_up":{"minecraft:wooden_axe":1,"minecraft:charcoal":6,"minecraft:crafting_table":6,"minecraft:cocoa_beans":10,"minecraft:iron_chestplate":1,"minecraft:wheat":6,"minecraft:clay_ball":12,"minecraft:wooden_pickaxe":3,"minecraft:gold_block":1,"minecraft:stone_brick_stairs":2,"minecraft:shield":1,"minecraft:amethyst_block":3,"minecraft:string":5,"minecraft:shroomlight":6,"minecraft:cobbled_deepslate":8,"minecraft:beef":5,"minecraft:calcite":3,"minecraft:jungle_sapling":5,"minecraft:iron_pickaxe":1,"minecraft:sugar_cane":12,"minecraft:iron_boots":1,"minecraft:furnace":2,"minecraft:stick":13,"minecraft:raw_iron":19,"minecraft:torch":14,"minecraft:acacia_log":28,"minecraft:porkchop":21,"minecraft:diorite":11,"minecraft:redstone":71,"minecraft:orange_bed":7,"minecraft:arrow":2,"minecraft:rotten_flesh":1,"minecraft:hay_block":19,"minecraft:obsidian":1,"minecraft:glow_berries":2,"minecraft:mutton":9,"minecraft:cobblestone":232,"minecraft:magma_block":2,"minecraft:jungle_log":57,"minecraft:andesite":13,"minecraft:leather":3,"minecraft:tuff":5,"minecraft:oak_log":36,"minecraft:acacia_boat":1,"minecraft:dirt":53,"minecraft:bone":2,"minecraft:acacia_planks":15,"minecraft:wheat_seeds":91,"minecraft:raw_gold":2,"minecraft:stone_pickaxe":1,"minecraft:glowstone_dust":68,"minecraft:bamboo":10,"minecraft:acacia_sapling":1,"minecraft:oak_planks":1,"minecraft:smooth_basalt":5,"minecraft:cooked_porkchop":1,"minecraft:quartz":14,"minecraft:gravel":8,"minecraft:white_bed":1,"minecraft:spider_eye":2,"minecraft:stone_axe":1,"minecraft:iron_helmet":1,"minecraft:bread":20,"minecraft:oak_sapling":2,"minecraft:netherrack":122,"minecraft:coal":17,"minecraft:crimson_roots":1},"minecraft:killed":{"minecraft:cave_spider":2,"minecraft:skeleton":2,"minecraft:drowned":2,"minecraft:pig":10,"minecraft:cow":3},"minecraft:mined":{"minecraft:jungle_leaves":15,"minecraft:acacia_log":29,"minecraft:grass_block":14,"minecraft:crimson_roots":1,"minecraft:jungle_log":59,"minecraft:hay_block":19,"minecraft:magma_block":2,"minecraft:redstone_ore":5,"minecraft:glowstone":24,"minecraft:furnace":2,"minecraft:iron_ore":8,"minecraft:andesite":14,"minecraft:gold_block":1,"minecraft:shroomlight":6,"minecraft:vine":7,"minecraft:deepslate_iron_ore":8,"minecraft:stone":179,"minecraft:orange_bed":8,"minecraft:deepslate_redstone_ore":14,"minecraft:acacia_leaves":2,"minecraft:glass_pane":1,"minecraft:crafting_table":6,"minecraft:torch":7,"minecraft:short_grass":184,"minecraft:calcite":5,"minecraft:nether_quartz_ore":14,"minecraft:cobblestone":1,"minecraft:tall_grass":3,"minecraft:sugar_cane":6,"minecraft:diorite":12,"minecraft:wall_torch":4,"minecraft:amethyst_block":6,"minecraft:wheat":35,"minecraft:stone_brick_stairs":2,"minecraft:coal_ore":17,"minecraft:oak_log":38,"minecraft:cocoa":1,"minecraft:dirt":40,"minecraft:cobweb":2,"minecraft:smooth_basalt":5,"minecraft:netherrack":133,"minecraft:oak_leaves":17,"minecraft:deepslate":6,"minecraft:fern":42},"minecraft:dropped":{"minecraft:stone_hoe":1,"minecraft:bread":41,"minecraft:wheat_seeds":2,"minecraft:cooked_beef":1,"minecraft:cooked_porkchop":7,"minecraft:cobblestone":52,"minecraft:amethyst_block":3,"minecraft:stick":29,"minecraft:dirt":7,"minecraft:diorite":10,"minecraft:crimson_roots":1,"minecraft:wooden_axe":1,"minecraft:orange_bed":1,"minecraft:gold_ingot":1,"minecraft:redstone":7,"minecraft:smooth_basalt":5,"minecraft:stone_axe":2,"minecraft:cocoa_beans":3,"minecraft:rotten_flesh":1,"minecraft:shield":1,"minecraft:charcoal":8,"minecraft:andesite":4,"minecraft:jungle_log":16,"minecraft:wooden_shovel":1,"minecraft:wooden_pickaxe":4,"minecraft:stone_pickaxe":1,"minecraft:raw_gold":1,"minecraft:calcite":3,"minecraft:stone_brick_stairs":2,"minecraft:netherrack":8}},"DataVersion":3700}