{"stats":{"minecraft:custom":{"minecraft:time_since_rest":9139,"minecraft:crouch_one_cm":93,"minecraft:play_time":9139,"minecraft:sprint_one_cm":34827,"minecraft:damage_taken":209,"minecraft:walk_one_cm":26226,"minecraft:sneak_time":25,"minecraft:walk_under_water_one_cm":978,"minecraft:drop":2,"minecraft:jump":146,"minecraft:damage_dealt":40,"minecraft:leave_game":1,"minecraft:time_since_death":9139,"minecraft:walk_on_water_one_cm":900,"minecraft:total_world_time":9139,"minecraft:swim_one_cm":9122,"minecraft:interact_with_crafting_table":2,"minecraft:fall_one_cm":6062,"minecraft:fly_one_cm":26954},"minecraft:dropped":{"minecraft:wheat_seeds":2},"minecraft:crafted":{"minecraft:acacia_planks":40,"minecraft:crafting_table":1,"minecraft:bread":57,"minecraft:wheat":171},"minecraft:used":{"minecraft:crafting_table":2,"minecraft:bread":4},"minecraft:picked_up":{"minecraft:crafting_table":1,"minecraft:torch":1,"minecraft:wheat_seeds":8,"minecraft:acacia_log":21,"minecraft:hay_block":19},"minecraft:mined":{"minecraft:hay_block":19,"minecraft:short_grass":4,"minecraft:acacia_log":21,"minecraft:acacia_leaves":2,"minecraft:crafting_table":1}},"DataVersion":3700}