{"stats":{"minecraft:crafted":{"minecraft:wooden_shovel":4,"minecraft:crafting_table":3,"minecraft:spruce_planks":80,"minecraft:stick":32,"minecraft:wooden_pickaxe":2,"minecraft:furnace":1,"minecraft:stone_hoe":1},"minecraft:mined":{"minecraft:glass_pane":1,"minecraft:stripped_spruce_wood":4,"minecraft:tnt":4,"minecraft:wheat":1,"minecraft:snow":56,"minecraft:spruce_log":11,"minecraft:stripped_spruce_log":10,"minecraft:short_grass":1,"minecraft:potatoes":2,"minecraft:grass_block":3,"minecraft:dirt_path":4,"minecraft:lantern":10,"minecraft:dirt":11,"minecraft:spruce_leaves":8,"minecraft:stone":13,"minecraft:blue_bed":3},"minecraft:picked_up":{"minecraft:stick":1,"minecraft:crafting_table":2,"minecraft:torch":1,"minecraft:potato":64,"minecraft:spruce_fence":1,"minecraft:white_bed":1,"minecraft:cobblestone_wall":2,"minecraft:stripped_spruce_wood":4,"minecraft:stripped_spruce_log":10,"minecraft:spruce_sapling":1,"minecraft:carrot":8,"minecraft:spruce_log":11,"minecraft:wooden_hoe":1,"minecraft:blue_bed":2,"minecraft:dirt":144,"minecraft:lantern":10,"minecraft:wheat_seeds":16,"minecraft:spruce_planks":18,"minecraft:rabbit_hide":1,"minecraft:blue_ice":1,"minecraft:spruce_slab":5,"minecraft:wooden_shovel":1,"minecraft:bread":7,"minecraft:rabbit":1,"minecraft:snowball":67,"minecraft:cobblestone":13,"minecraft:furnace":1},"minecraft:custom":{"minecraft:time_since_rest":15747,"minecraft:interact_with_smithing_table":1,"minecraft:sprint_one_cm":93384,"minecraft:interact_with_furnace":4,"minecraft:damage_taken":67,"minecraft:walk_one_cm":65502,"minecraft:drop":4,"minecraft:damage_dealt":10,"minecraft:fly_one_cm":52792,"minecraft:interact_with_crafting_table":6,"minecraft:open_chest":6,"minecraft:crouch_one_cm":233,"minecraft:play_time":22542,"minecraft:sneak_time":243,"minecraft:jump":249,"minecraft:leave_game":1,"minecraft:time_since_death":22542,"minecraft:sleep_in_bed":1,"minecraft:total_world_time":22542,"minecraft:fall_one_cm":7891},"minecraft:used":{"minecraft:spruce_slab":5,"minecraft:bread":2,"minecraft:wooden_pickaxe":24,"minecraft:spruce_sapling":1,"minecraft:blue_bed":1,"minecraft:wooden_shovel":71,"minecraft:stone_hoe":14,"minecraft:crafting_table":3,"minecraft:furnace":1,"minecraft:potato":45,"minecraft:snowball":33},"minecraft:dropped":{"minecraft:dirt":6,"minecraft:wheat_seeds":1,"minecraft:snowball":18},"minecraft:broken":{"minecraft:wooden_shovel":1}},"DataVersion":3839}