{"stats":{"minecraft:picked_up":{"minecraft:firework_rocket":512},"minecraft:custom":{"minecraft:time_since_rest":25656,"minecraft:crouch_one_cm":1913,"minecraft:play_time":25656,"minecraft:sprint_one_cm":24136,"minecraft:walk_one_cm":29527,"minecraft:sneak_time":2716,"minecraft:walk_under_water_one_cm":206,"minecraft:drop":3,"minecraft:jump":104,"minecraft:damage_dealt":68,"minecraft:leave_game":1,"minecraft:walk_on_water_one_cm":708,"minecraft:time_since_death":25656,"minecraft:total_world_time":25656,"minecraft:player_kills":1,"minecraft:fly_one_cm":848306,"minecraft:inspect_dispenser":1},"minecraft:dropped":{"minecraft:lantern":3},"minecraft:used":{"minecraft:polished_blackstone_bricks":16,"minecraft:trident":22,"minecraft:lantern":2,"minecraft:dispenser":4,"minecraft:stone_button":6,"minecraft:smooth_stone_slab":2}},"DataVersion":3578}