{"stats":{"minecraft:used":{"minecraft:stone_sword":10,"minecraft:stone_shovel":13,"minecraft:stone_pickaxe":866,"minecraft:oak_planks":2,"minecraft:cobblestone_slab":236,"minecraft:rotten_flesh":1,"minecraft:cobblestone":119,"minecraft:crafting_table":1,"minecraft:oak_sapling":1},"minecraft:mined":{"minecraft:cactus":3,"minecraft:oak_sapling":1,"minecraft:fire":15,"minecraft:cobblestone_slab":4,"minecraft:dead_bush":1,"minecraft:sand":8,"minecraft:cobblestone":851,"minecraft:bamboo":26,"minecraft:sandstone":7},"minecraft:custom":{"minecraft:time_since_rest":24866,"minecraft:sprint_one_cm":69583,"minecraft:walk_one_cm":155749,"minecraft:damage_taken":2755,"minecraft:mob_kills":2,"minecraft:drop":373,"minecraft:damage_dealt":1153,"minecraft:interact_with_crafting_table":16,"minecraft:player_kills":2,"minecraft:fly_one_cm":243677,"minecraft:open_chest":43,"minecraft:crouch_one_cm":51216,"minecraft:play_time":211101,"minecraft:deaths":11,"minecraft:sneak_time":15263,"minecraft:jump":1018,"minecraft:leave_game":1,"minecraft:time_since_death":24838,"minecraft:walk_on_water_one_cm":4398,"minecraft:total_world_time":211101,"minecraft:fall_one_cm":7206},"minecraft:crafted":{"minecraft:oak_planks":8,"minecraft:cobblestone_slab":618,"minecraft:crafting_table":1,"minecraft:stick":40,"minecraft:stone_pickaxe":21,"minecraft:oak_wood":3},"minecraft:picked_up":{"minecraft:stick":4,"minecraft:sandstone":6,"minecraft:wooden_pickaxe":1,"minecraft:sand":14,"minecraft:cobblestone_stairs":1,"minecraft:stone_sword":1,"minecraft:cactus":3,"minecraft:rotten_flesh":1,"minecraft:stone_pickaxe":3,"minecraft:cobblestone_slab":3,"minecraft:bamboo":170,"minecraft:oak_sapling":2,"minecraft:chest":1,"minecraft:oak_planks":1,"minecraft:cobblestone":1161},"minecraft:broken":{"minecraft:stone_pickaxe":6},"minecraft:killed":{"minecraft:zombie":1,"minecraft:creeper":1},"minecraft:dropped":{"minecraft:turtle_egg":2,"minecraft:iron_ingot":6,"minecraft:cobblestone_slab":455,"minecraft:stone_sword":1,"minecraft:oak_log":4,"minecraft:dune_armor_trim_smithing_template":1,"minecraft:oak_wood":3,"minecraft:stone_shovel":1,"minecraft:cobblestone":246,"minecraft:bamboo":5,"minecraft:sand":22,"minecraft:stone_pickaxe":24,"minecraft:wooden_pickaxe":1,"minecraft:cactus":3,"minecraft:stick":4,"minecraft:cobblestone_stairs":1}},"DataVersion":3955}