{
  "minecraft:recipes/decorations/crafting_table": {
    "criteria": {
      "unlock_right_away": "2024-06-03 02:06:05 +0000"
    },
    "done": true
  },
  "minecraft:adventure/adventuring_time": {
    "criteria": {
      "minecraft:savanna_plateau": "2024-06-03 02:11:27 +0000",
      "minecraft:forest": "2024-06-03 02:06:06 +0000",
      "minecraft:savanna": "2024-06-03 02:10:56 +0000",
      "minecraft:plains": "2024-06-03 02:10:39 +0000"
    },
    "done": false
  },
  "DataVersion": 3700
}