{"minecraft:recipes/decorations/crafting_table":{"criteria":{"unlock_right_away":"2024-10-20 18:19:32 +0000"},"done":true},"minecraft:story/root":{"criteria":{"crafting_table":"2024-10-20 18:19:32 +0000"},"done":true},"minecraft:adventure/adventuring_time":{"criteria":{"minecraft:savanna_plateau":"2024-10-21 14:46:27 +0000","minecraft:beach":"2024-10-20 19:35:16 +0000","minecraft:dark_forest":"2024-10-20 21:51:27 +0000","minecraft:mushroom_fields":"2024-10-20 21:22:21 +0000","minecraft:forest":"2024-10-20 20:41:11 +0000","minecraft:taiga":"2024-10-20 22:16:40 +0000","minecraft:mangrove_swamp":"2024-10-21 14:59:50 +0000","minecraft:lukewarm_ocean":"2024-10-20 20:41:15 +0000","minecraft:river":"2024-10-21 14:46:19 +0000","minecraft:stony_shore":"2024-10-21 14:45:48 +0000","minecraft:desert":"2024-10-20 21:30:37 +0000","minecraft:jungle":"2024-10-20 18:19:33 +0000","minecraft:savanna":"2024-10-20 21:20:40 +0000","minecraft:warm_ocean":"2024-10-21 15:05:28 +0000"},"done":false},"minecraft:recipes/redstone/lever":{"criteria":{"has_cobblestone":"2024-10-20 18:26:48 +0000"},"done":true},"minecraft:recipes/combat/stone_sword":{"criteria":{"has_cobblestone":"2024-10-20 18:26:48 +0000"},"done":true},"minecraft:recipes/decorations/cobblestone_wall":{"criteria":{"has_cobblestone":"2024-10-20 18:26:48 +0000"},"done":true},"minecraft:recipes/tools/stone_pickaxe":{"criteria":{"has_cobblestone":"2024-10-20 18:26:48 +0000"},"done":true},"minecraft:recipes/tools/stone_axe":{"criteria":{"has_cobblestone":"2024-10-20 18:26:48 +0000"},"done":true},"minecraft:story/mine_stone":{"criteria":{"get_stone":"2024-10-20 18:26:48 +0000"},"done":true},"minecraft:recipes/decorations/furnace":{"criteria":{"has_cobblestone":"2024-10-20 18:26:48 +0000"},"done":true},"minecraft:recipes/building_blocks/cobblestone_slab":{"criteria":{"has_cobblestone":"2024-10-20 18:26:48 +0000"},"done":true},"minecraft:recipes/building_blocks/cobblestone_slab_from_cobblestone_stonecutting":{"criteria":{"has_cobblestone":"2024-10-20 18:26:48 +0000"},"done":true},"minecraft:recipes/building_blocks/stone":{"criteria":{"has_cobblestone":"2024-10-20 18:26:48 +0000"},"done":true},"minecraft:recipes/decorations/cobblestone_wall_from_cobblestone_stonecutting":{"criteria":{"has_cobblestone":"2024-10-20 18:26:48 +0000"},"done":true},"minecraft:recipes/building_blocks/cobblestone_stairs_from_cobblestone_stonecutting":{"criteria":{"has_cobblestone":"2024-10-20 18:26:48 +0000"},"done":true},"minecraft:recipes/building_blocks/cobblestone_stairs":{"criteria":{"has_cobblestone":"2024-10-20 18:26:48 +0000"},"done":true},"minecraft:recipes/tools/stone_hoe":{"criteria":{"has_cobblestone":"2024-10-20 18:26:48 +0000"},"done":true},"minecraft:recipes/tools/stone_shovel":{"criteria":{"has_cobblestone":"2024-10-20 18:26:48 +0000"},"done":true},"minecraft:recipes/decorations/ladder":{"criteria":{"has_stick":"2024-10-20 18:30:05 +0000"},"done":true},"minecraft:recipes/decorations/campfire":{"criteria":{"has_stick":"2024-10-20 18:30:05 +0000"},"done":true},"minecraft:recipes/tools/wooden_hoe":{"criteria":{"has_stick":"2024-10-20 18:30:05 +0000"},"done":true},"minecraft:recipes/tools/wooden_pickaxe":{"criteria":{"has_stick":"2024-10-20 18:30:05 +0000"},"done":true},"minecraft:recipes/tools/wooden_axe":{"criteria":{"has_stick":"2024-10-20 18:30:05 +0000"},"done":true},"minecraft:recipes/tools/wooden_shovel":{"criteria":{"has_stick":"2024-10-20 18:30:05 +0000"},"done":true},"minecraft:recipes/combat/wooden_sword":{"criteria":{"has_stick":"2024-10-20 18:30:05 +0000"},"done":true},"minecraft:recipes/decorations/torch":{"criteria":{"has_stone_pickaxe":"2024-10-20 18:30:12 +0000"},"done":true},"minecraft:story/upgrade_tools":{"criteria":{"stone_pickaxe":"2024-10-20 18:30:12 +0000"},"done":true},"minecraft:recipes/building_blocks/oak_slab":{"criteria":{"has_planks":"2024-10-20 18:42:21 +0000"},"done":true},"minecraft:recipes/decorations/oak_sign":{"criteria":{"has_planks":"2024-10-20 18:42:21 +0000"},"done":true},"minecraft:recipes/redstone/oak_trapdoor":{"criteria":{"has_planks":"2024-10-20 18:42:21 +0000"},"done":true},"minecraft:recipes/redstone/oak_fence_gate":{"criteria":{"has_planks":"2024-10-20 18:42:21 +0000"},"done":true},"minecraft:recipes/redstone/oak_pressure_plate":{"criteria":{"has_planks":"2024-10-20 18:42:21 +0000"},"done":true},"minecraft:recipes/redstone/oak_door":{"criteria":{"has_planks":"2024-10-20 18:42:21 +0000"},"done":true},"minecraft:recipes/misc/stick":{"criteria":{"has_planks":"2024-10-20 18:42:21 +0000"},"done":true},"minecraft:recipes/building_blocks/oak_stairs":{"criteria":{"has_planks":"2024-10-20 18:42:21 +0000"},"done":true},"minecraft:recipes/decorations/oak_fence":{"criteria":{"has_planks":"2024-10-20 18:42:21 +0000"},"done":true},"minecraft:recipes/decorations/barrel":{"criteria":{"has_planks":"2024-10-20 18:42:21 +0000"},"done":true},"minecraft:recipes/redstone/oak_button":{"criteria":{"has_planks":"2024-10-20 18:42:21 +0000"},"done":true},"minecraft:recipes/transportation/mangrove_boat":{"criteria":{"in_water":"2024-10-20 18:58:26 +0000"},"done":true},"minecraft:recipes/transportation/acacia_boat":{"criteria":{"in_water":"2024-10-20 18:58:26 +0000"},"done":true},"minecraft:recipes/transportation/cherry_boat":{"criteria":{"in_water":"2024-10-20 18:58:26 +0000"},"done":true},"minecraft:recipes/transportation/bamboo_raft":{"criteria":{"in_water":"2024-10-20 18:58:26 +0000"},"done":true},"minecraft:recipes/transportation/spruce_boat":{"criteria":{"in_water":"2024-10-20 18:58:26 +0000"},"done":true},"minecraft:recipes/transportation/birch_boat":{"criteria":{"in_water":"2024-10-20 18:58:26 +0000"},"done":true},"minecraft:recipes/transportation/oak_boat":{"criteria":{"in_water":"2024-10-20 18:58:26 +0000"},"done":true},"minecraft:recipes/transportation/jungle_boat":{"criteria":{"in_water":"2024-10-20 18:58:26 +0000"},"done":true},"minecraft:recipes/transportation/dark_oak_boat":{"criteria":{"in_water":"2024-10-20 18:58:26 +0000"},"done":true},"minecraft:adventure/root":{"criteria":{"killed_by_something":"2024-10-20 18:58:29 +0000"},"done":true},"minecraft:recipes/misc/lime_dye_from_smelting":{"criteria":{"has_sea_pickle":"2024-10-20 19:02:42 +0000"},"done":true},"skyblock:farmer/root":{"criteria":{"sapling":"2024-10-20 19:49:09 +0000"},"done":true},"skyblock:farmer/all_trees":{"criteria":{"oak":"2024-10-20 19:49:09 +0000","dark_oak":"2024-10-20 21:51:59 +0000"},"done":false},"minecraft:story/sapling":{"criteria":{"sapling":"2024-10-20 19:49:09 +0000"},"done":true},"minecraft:recipes/misc/stick_from_bamboo_item":{"criteria":{"has_bamboo":"2024-10-20 20:00:06 +0000"},"done":true},"minecraft:recipes/building_blocks/bamboo_block":{"criteria":{"has_bamboo":"2024-10-20 20:00:06 +0000"},"done":true},"minecraft:recipes/decorations/scaffolding":{"criteria":{"has_bamboo":"2024-10-20 20:00:06 +0000"},"done":true},"minecraft:recipes/decorations/chest":{"criteria":{"has_lots_of_items":"2024-10-20 20:17:48 +0000"},"done":true},"minecraft:recipes/misc/charcoal":{"criteria":{"has_log":"2024-10-20 21:16:26 +0000"},"done":true},"minecraft:recipes/building_blocks/oak_planks":{"criteria":{"has_logs":"2024-10-20 21:16:26 +0000"},"done":true},"minecraft:recipes/building_blocks/oak_wood":{"criteria":{"has_log":"2024-10-20 21:16:26 +0000"},"done":true},"minecraft:recipes/misc/bowl":{"criteria":{"has_red_mushroom":"2024-10-20 21:22:40 +0000"},"done":true},"minecraft:recipes/food/mushroom_stew":{"criteria":{"has_red_mushroom":"2024-10-20 21:22:40 +0000"},"done":true},"minecraft:recipes/building_blocks/lime_concrete_powder":{"criteria":{"has_sand":"2024-10-20 21:30:57 +0000"},"done":true},"minecraft:recipes/building_blocks/light_gray_concrete_powder":{"criteria":{"has_sand":"2024-10-20 21:30:57 +0000"},"done":true},"minecraft:recipes/building_blocks/pink_concrete_powder":{"criteria":{"has_sand":"2024-10-20 21:30:57 +0000"},"done":true},"minecraft:recipes/building_blocks/orange_concrete_powder":{"criteria":{"has_sand":"2024-10-20 21:30:57 +0000"},"done":true},"minecraft:recipes/building_blocks/red_concrete_powder":{"criteria":{"has_sand":"2024-10-20 21:30:57 +0000"},"done":true},"minecraft:recipes/building_blocks/magenta_concrete_powder":{"criteria":{"has_sand":"2024-10-20 21:30:57 +0000"},"done":true},"minecraft:recipes/building_blocks/brown_concrete_powder":{"criteria":{"has_sand":"2024-10-20 21:30:57 +0000"},"done":true},"minecraft:recipes/building_blocks/light_blue_concrete_powder":{"criteria":{"has_sand":"2024-10-20 21:30:57 +0000"},"done":true},"minecraft:recipes/building_blocks/glass":{"criteria":{"has_smelts_to_glass":"2024-10-20 21:30:57 +0000"},"done":true},"minecraft:recipes/building_blocks/green_concrete_powder":{"criteria":{"has_sand":"2024-10-20 21:30:57 +0000"},"done":true},"minecraft:recipes/building_blocks/blue_concrete_powder":{"criteria":{"has_sand":"2024-10-20 21:30:57 +0000"},"done":true},"minecraft:recipes/building_blocks/yellow_concrete_powder":{"criteria":{"has_sand":"2024-10-20 21:30:57 +0000"},"done":true},"minecraft:recipes/building_blocks/sandstone":{"criteria":{"has_sand":"2024-10-20 21:30:57 +0000"},"done":true},"minecraft:recipes/building_blocks/white_concrete_powder":{"criteria":{"has_sand":"2024-10-20 21:30:57 +0000"},"done":true},"minecraft:recipes/building_blocks/gray_concrete_powder":{"criteria":{"has_sand":"2024-10-20 21:30:57 +0000"},"done":true},"minecraft:recipes/building_blocks/black_concrete_powder":{"criteria":{"has_sand":"2024-10-20 21:30:57 +0000"},"done":true},"minecraft:recipes/building_blocks/purple_concrete_powder":{"criteria":{"has_sand":"2024-10-20 21:30:57 +0000"},"done":true},"minecraft:recipes/building_blocks/cyan_concrete_powder":{"criteria":{"has_sand":"2024-10-20 21:30:57 +0000"},"done":true},"minecraft:recipes/building_blocks/sandstone_stairs":{"criteria":{"has_sandstone":"2024-10-20 21:31:33 +0000"},"done":true},"minecraft:recipes/building_blocks/sandstone_slab":{"criteria":{"has_sandstone":"2024-10-20 21:31:33 +0000"},"done":true},"minecraft:recipes/building_blocks/cut_sandstone_from_sandstone_stonecutting":{"criteria":{"has_sandstone":"2024-10-20 21:31:33 +0000"},"done":true},"minecraft:recipes/building_blocks/chiseled_sandstone_from_sandstone_stonecutting":{"criteria":{"has_sandstone":"2024-10-20 21:31:33 +0000"},"done":true},"minecraft:recipes/building_blocks/smooth_sandstone":{"criteria":{"has_sandstone":"2024-10-20 21:31:33 +0000"},"done":true},"minecraft:recipes/decorations/sandstone_wall_from_sandstone_stonecutting":{"criteria":{"has_sandstone":"2024-10-20 21:31:33 +0000"},"done":true},"minecraft:recipes/building_blocks/cut_sandstone_slab_from_sandstone_stonecutting":{"criteria":{"has_sandstone":"2024-10-20 21:31:33 +0000"},"done":true},"minecraft:recipes/building_blocks/cut_sandstone":{"criteria":{"has_sandstone":"2024-10-20 21:31:33 +0000"},"done":true},"minecraft:recipes/building_blocks/sandstone_slab_from_sandstone_stonecutting":{"criteria":{"has_sandstone":"2024-10-20 21:31:33 +0000"},"done":true},"minecraft:recipes/building_blocks/sandstone_stairs_from_sandstone_stonecutting":{"criteria":{"has_sandstone":"2024-10-20 21:31:33 +0000"},"done":true},"minecraft:recipes/decorations/sandstone_wall":{"criteria":{"has_sandstone":"2024-10-20 21:31:33 +0000"},"done":true},"minecraft:recipes/misc/flower_banner_pattern":{"criteria":{"has_oxeye_daisy":"2024-10-20 21:51:52 +0000"},"done":true},"minecraft:recipes/misc/light_gray_dye_from_oxeye_daisy":{"criteria":{"has_oxeye_daisy":"2024-10-20 21:51:52 +0000"},"done":true},"minecraft:recipes/misc/wild_armor_trim_smithing_template":{"criteria":{"has_wild_armor_trim_smithing_template":"2024-10-20 21:51:57 +0000"},"done":true},"minecraft:recipes/misc/wild_armor_trim_smithing_template_smithing_trim":{"criteria":{"has_smithing_trim_template":"2024-10-20 21:51:57 +0000"},"done":true},"minecraft:recipes/brewing/cauldron":{"criteria":{"has_water_bucket":"2024-10-20 21:55:06 +0000"},"done":true},"minecraft:recipes/misc/black_dye":{"criteria":{"has_ink_sac":"2024-10-20 22:11:54 +0000"},"done":true},"minecraft:recipes/redstone/bamboo_trapdoor":{"criteria":{"has_planks":"2024-10-20 22:19:18 +0000"},"done":true},"minecraft:recipes/redstone/bamboo_pressure_plate":{"criteria":{"has_planks":"2024-10-20 22:19:18 +0000"},"done":true},"minecraft:recipes/building_blocks/bamboo_slab":{"criteria":{"has_planks":"2024-10-20 22:19:18 +0000"},"done":true},"minecraft:recipes/redstone/bamboo_button":{"criteria":{"has_planks":"2024-10-20 22:19:18 +0000"},"done":true},"minecraft:recipes/redstone/bamboo_fence_gate":{"criteria":{"has_planks":"2024-10-20 22:19:18 +0000"},"done":true},"minecraft:recipes/building_blocks/bamboo_stairs":{"criteria":{"has_planks":"2024-10-20 22:19:18 +0000"},"done":true},"minecraft:recipes/decorations/bamboo_sign":{"criteria":{"has_planks":"2024-10-20 22:19:18 +0000"},"done":true},"minecraft:recipes/redstone/bamboo_door":{"criteria":{"has_planks":"2024-10-20 22:19:18 +0000"},"done":true},"minecraft:recipes/decorations/bamboo_fence":{"criteria":{"has_planks":"2024-10-20 22:19:18 +0000"},"done":true},"minecraft:recipes/combat/iron_sword":{"criteria":{"has_iron_ingot":"2024-10-21 15:17:34 +0000"},"done":true},"minecraft:recipes/building_blocks/waxed_copper_grate":{"criteria":{"has_waxed_copper_block":"2024-10-21 15:15:55 +0000"},"done":true},"minecraft:recipes/tools/iron_pickaxe":{"criteria":{"has_iron_ingot":"2024-10-21 15:17:34 +0000"},"done":true},"minecraft:recipes/combat/iron_leggings":{"criteria":{"has_iron_ingot":"2024-10-21 15:17:34 +0000"},"done":true},"minecraft:recipes/combat/shield":{"criteria":{"has_iron_ingot":"2024-10-21 15:17:34 +0000"},"done":true},"minecraft:recipes/redstone/hopper":{"criteria":{"has_iron_ingot":"2024-10-21 15:17:34 +0000"},"done":true},"minecraft:recipes/building_blocks/chiseled_tuff_bricks_from_tuff_bricks_stonecutting":{"criteria":{"has_tuff_bricks":"2024-10-21 15:14:15 +0000"},"done":true},"minecraft:recipes/decorations/iron_bars":{"criteria":{"has_iron_ingot":"2024-10-21 15:17:34 +0000"},"done":true},"minecraft:recipes/combat/diamond_leggings":{"criteria":{"has_diamond":"2024-10-21 15:17:24 +0000"},"done":true},"minecraft:recipes/misc/eye_armor_trim_smithing_template_smithing_trim":{"criteria":{"has_smithing_trim_template":"2024-10-21 14:50:47 +0000"},"done":true},"minecraft:recipes/decorations/stone_brick_wall":{"criteria":{"has_stone_bricks":"2024-10-21 14:47:36 +0000"},"done":true},"minecraft:recipes/building_blocks/bookshelf":{"criteria":{"has_book":"2024-10-21 14:50:45 +0000"},"done":true},"minecraft:recipes/combat/iron_boots":{"criteria":{"has_iron_ingot":"2024-10-21 15:17:34 +0000"},"done":true},"minecraft:recipes/combat/iron_chestplate":{"criteria":{"has_iron_ingot":"2024-10-21 15:17:34 +0000"},"done":true},"minecraft:recipes/misc/book":{"criteria":{"has_paper":"2024-10-21 14:50:47 +0000"},"done":true},"minecraft:recipes/building_blocks/waxed_cut_copper_from_waxed_copper_block_stonecutting":{"criteria":{"has_waxed_copper_block":"2024-10-21 15:15:55 +0000"},"done":true},"minecraft:recipes/decorations/lantern":{"criteria":{"has_iron_ingot":"2024-10-21 15:17:34 +0000"},"done":true},"minecraft:recipes/building_blocks/stone_brick_slab_from_stone_bricks_stonecutting":{"criteria":{"has_stone_bricks":"2024-10-21 14:47:36 +0000"},"done":true},"minecraft:recipes/decorations/tuff_brick_wall_from_tuff_bricks_stonecutting":{"criteria":{"has_tuff_bricks":"2024-10-21 15:14:15 +0000"},"done":true},"minecraft:recipes/misc/iron_nugget":{"criteria":{"has_iron_ingot":"2024-10-21 15:17:34 +0000"},"done":true},"minecraft:recipes/combat/diamond_sword":{"criteria":{"has_diamond":"2024-10-21 15:17:24 +0000"},"done":true},"minecraft:recipes/decorations/jukebox":{"criteria":{"has_diamond":"2024-10-21 15:17:24 +0000"},"done":true},"minecraft:recipes/building_blocks/cracked_stone_bricks":{"criteria":{"has_stone_bricks":"2024-10-21 14:47:36 +0000"},"done":true},"minecraft:recipes/misc/bucket":{"criteria":{"has_iron_ingot":"2024-10-21 15:17:34 +0000"},"done":true},"minecraft:recipes/building_blocks/stone_brick_stairs_from_stone_bricks_stonecutting":{"criteria":{"has_stone_bricks":"2024-10-21 14:47:36 +0000"},"done":true},"minecraft:recipes/combat/iron_helmet":{"criteria":{"has_iron_ingot":"2024-10-21 15:17:34 +0000"},"done":true},"minecraft:recipes/combat/diamond_chestplate":{"criteria":{"has_diamond":"2024-10-21 15:17:24 +0000"},"done":true},"minecraft:recipes/building_blocks/waxed_chiseled_copper_from_waxed_copper_block_stonecutting":{"criteria":{"has_waxed_copper_block":"2024-10-21 15:15:55 +0000"},"done":true},"minecraft:recipes/transportation/minecart":{"criteria":{"has_iron_ingot":"2024-10-21 15:17:34 +0000"},"done":true},"minecraft:recipes/tools/iron_hoe":{"criteria":{"has_iron_ingot":"2024-10-21 15:17:34 +0000"},"done":true},"minecraft:recipes/building_blocks/stone_brick_slab":{"criteria":{"has_stone_bricks":"2024-10-21 14:47:36 +0000"},"done":true},"minecraft:recipes/building_blocks/tuff_brick_stairs":{"criteria":{"has_tuff_bricks":"2024-10-21 15:14:15 +0000"},"done":true},"minecraft:recipes/tools/iron_shovel":{"criteria":{"has_iron_ingot":"2024-10-21 15:17:34 +0000"},"done":true},"minecraft:recipes/combat/diamond_helmet":{"criteria":{"has_diamond":"2024-10-21 15:17:24 +0000"},"done":true},"minecraft:recipes/misc/eye_armor_trim_smithing_template":{"criteria":{"has_eye_armor_trim_smithing_template":"2024-10-21 14:50:47 +0000"},"done":true},"minecraft:recipes/building_blocks/stone_brick_stairs":{"criteria":{"has_stone_bricks":"2024-10-21 14:47:36 +0000"},"done":true},"minecraft:recipes/redstone/waxed_copper_bulb":{"criteria":{"has_waxed_copper_block":"2024-10-21 15:15:55 +0000"},"done":true},"minecraft:adventure/salvage_sherd":{"criteria":{"has_sherd":"2024-10-21 15:17:10 +0000"},"done":false},"minecraft:recipes/building_blocks/bricks":{"criteria":{"has_brick":"2024-10-21 15:17:10 +0000"},"done":true},"minecraft:recipes/building_blocks/chiseled_stone_bricks_from_stone_bricks_stonecutting":{"criteria":{"has_stone_bricks":"2024-10-21 14:47:36 +0000"},"done":true},"minecraft:recipes/building_blocks/waxed_cut_copper":{"criteria":{"has_waxed_copper_block":"2024-10-21 15:15:55 +0000"},"done":true},"minecraft:recipes/building_blocks/tuff_brick_stairs_from_tuff_bricks_stonecutting":{"criteria":{"has_tuff_bricks":"2024-10-21 15:14:15 +0000"},"done":true},"minecraft:story/smelt_iron":{"criteria":{"iron":"2024-10-21 15:17:34 +0000"},"done":true},"minecraft:recipes/building_blocks/chiseled_stone_bricks":{"criteria":{"has_tag":"2024-10-21 14:47:36 +0000"},"done":true},"minecraft:recipes/tools/shears":{"criteria":{"has_iron_ingot":"2024-10-21 15:17:34 +0000"},"done":true},"minecraft:recipes/redstone/dispenser":{"criteria":{"has_bow":"2024-10-21 14:37:21 +0000"},"done":true},"minecraft:recipes/building_blocks/emerald_block":{"criteria":{"has_emerald":"2024-10-21 15:17:10 +0000"},"done":true},"minecraft:recipes/building_blocks/tuff_brick_slab_from_tuff_bricks_stonecutting":{"criteria":{"has_tuff_bricks":"2024-10-21 15:14:15 +0000"},"done":true},"minecraft:recipes/redstone/lectern":{"criteria":{"has_book":"2024-10-21 14:50:45 +0000"},"done":true},"minecraft:adventure/sleep_in_bed":{"criteria":{"slept_in_bed":"2024-10-21 15:18:33 +0000"},"done":true},"minecraft:recipes/redstone/iron_trapdoor":{"criteria":{"has_iron_ingot":"2024-10-21 15:17:34 +0000"},"done":true},"minecraft:recipes/tools/diamond_pickaxe":{"criteria":{"has_diamond":"2024-10-21 15:17:24 +0000"},"done":true},"minecraft:adventure/kill_all_mobs":{"criteria":{"minecraft:skeleton":"2024-10-21 14:37:09 +0000","minecraft:zombie":"2024-10-21 14:37:05 +0000","minecraft:creeper":"2024-10-21 14:37:04 +0000"},"done":false},"minecraft:story/fake_cave":{"criteria":{"minecraft:creeper":"2024-10-21 14:37:04 +0000"},"done":true},"minecraft:recipes/decorations/chain":{"criteria":{"has_iron_ingot":"2024-10-21 15:17:34 +0000"},"done":true},"minecraft:recipes/building_blocks/chiseled_bookshelf":{"criteria":{"has_book":"2024-10-21 14:50:45 +0000"},"done":true},"minecraft:recipes/building_blocks/iron_block":{"criteria":{"has_iron_ingot":"2024-10-21 15:17:34 +0000"},"done":true},"minecraft:recipes/tools/iron_axe":{"criteria":{"has_iron_ingot":"2024-10-21 15:17:34 +0000"},"done":true},"minecraft:recipes/misc/bone_meal":{"criteria":{"has_bone":"2024-10-21 14:37:19 +0000"},"done":true},"minecraft:recipes/decorations/cartography_table":{"criteria":{"has_paper":"2024-10-21 14:50:47 +0000"},"done":true},"minecraft:recipes/combat/crossbow":{"criteria":{"has_iron_ingot":"2024-10-21 15:17:34 +0000"},"done":true},"minecraft:adventure/kill_a_mob":{"criteria":{"minecraft:creeper":"2024-10-21 14:37:04 +0000"},"done":true},"minecraft:recipes/decorations/smithing_table":{"criteria":{"has_iron_ingot":"2024-10-21 15:17:34 +0000"},"done":true},"minecraft:recipes/building_blocks/diamond_block":{"criteria":{"has_diamond":"2024-10-21 15:17:24 +0000"},"done":true},"minecraft:recipes/decorations/flower_pot":{"criteria":{"has_brick":"2024-10-21 15:17:10 +0000"},"done":true},"minecraft:recipes/building_blocks/waxed_cut_copper_stairs_from_waxed_copper_block_stonecutting":{"criteria":{"has_waxed_copper_block":"2024-10-21 15:15:55 +0000"},"done":true},"minecraft:recipes/misc/writable_book":{"criteria":{"has_book":"2024-10-21 14:50:45 +0000"},"done":true},"minecraft:recipes/misc/firework_rocket_simple":{"criteria":{"has_gunpowder":"2024-10-21 14:37:21 +0000"},"done":true},"minecraft:story/zombie_hunter":{"criteria":{"requirement":"2024-10-21 14:37:05 +0000"},"done":true},"minecraft:recipes/redstone/tnt":{"criteria":{"has_gunpowder":"2024-10-21 14:37:21 +0000"},"done":true},"minecraft:recipes/misc/copper_ingot_from_waxed_copper_block":{"criteria":{"has_waxed_copper_block":"2024-10-21 15:15:55 +0000"},"done":true},"minecraft:recipes/building_blocks/waxed_copper_grate_from_waxed_copper_block_stonecutting":{"criteria":{"has_waxed_copper_block":"2024-10-21 15:15:55 +0000"},"done":true},"minecraft:recipes/tools/diamond_hoe":{"criteria":{"has_diamond":"2024-10-21 15:17:24 +0000"},"done":true},"minecraft:recipes/tools/diamond_shovel":{"criteria":{"has_diamond":"2024-10-21 15:17:24 +0000"},"done":true},"minecraft:story/mine_diamond":{"criteria":{"diamond":"2024-10-21 15:17:24 +0000"},"done":true},"minecraft:recipes/decorations/tuff_brick_wall":{"criteria":{"has_tuff_bricks":"2024-10-21 15:14:15 +0000"},"done":true},"minecraft:recipes/tools/diamond_axe":{"criteria":{"has_diamond":"2024-10-21 15:17:24 +0000"},"done":true},"minecraft:recipes/decorations/stone_brick_wall_from_stone_bricks_stonecutting":{"criteria":{"has_stone_bricks":"2024-10-21 14:47:36 +0000"},"done":true},"minecraft:recipes/building_blocks/tuff_brick_slab":{"criteria":{"has_tuff_bricks":"2024-10-21 15:14:15 +0000"},"done":true},"minecraft:recipes/building_blocks/waxed_cut_copper_slab_from_waxed_copper_block_stonecutting":{"criteria":{"has_waxed_copper_block":"2024-10-21 15:15:55 +0000"},"done":true},"minecraft:recipes/redstone/iron_door":{"criteria":{"has_iron_ingot":"2024-10-21 15:17:34 +0000"},"done":true},"minecraft:recipes/decorations/decorated_pot_simple":{"criteria":{"has_brick":"2024-10-21 15:17:10 +0000"},"done":true},"minecraft:recipes/redstone/heavy_weighted_pressure_plate":{"criteria":{"has_iron_ingot":"2024-10-21 15:17:34 +0000"},"done":true},"minecraft:recipes/combat/diamond_boots":{"criteria":{"has_diamond":"2024-10-21 15:17:24 +0000"},"done":true},"DataVersion":3955}