{
  "minecraft:recipes/decorations/crafting_table": {
    "criteria": {
      "unlock_right_away": "2024-06-03 02:19:16 +0000"
    },
    "done": true
  },
  "minecraft:adventure/adventuring_time": {
    "criteria": {
      "minecraft:savanna_plateau": "2024-06-03 02:21:06 +0000",
      "minecraft:stony_peaks": "2024-06-03 02:22:36 +0000",
      "minecraft:forest": "2024-06-03 02:19:17 +0000",
      "minecraft:savanna": "2024-06-03 02:19:26 +0000",
      "minecraft:plains": "2024-06-03 02:19:40 +0000"
    },
    "done": false
  },
  "DataVersion": 3700
}