{"minecraft:recipes/decorations/crafting_table":{"criteria":{"unlock_right_away":"2024-10-20 18:19:53 +0000"},"done":true},"minecraft:story/root":{"criteria":{"crafting_table":"2024-10-20 18:19:53 +0000"},"done":true},"minecraft:adventure/adventuring_time":{"criteria":{"minecraft:beach":"2024-10-20 19:34:15 +0000","minecraft:forest":"2024-10-20 20:05:07 +0000","minecraft:taiga":"2024-10-20 19:35:31 +0000","minecraft:mangrove_swamp":"2024-10-20 19:44:29 +0000","minecraft:jungle":"2024-10-20 18:19:54 +0000","minecraft:lukewarm_ocean":"2024-10-20 19:26:23 +0000","minecraft:savanna":"2024-10-20 20:05:10 +0000"},"done":false},"minecraft:recipes/tools/flint_and_steel":{"criteria":{"has_obsidian":"2024-10-20 18:22:01 +0000"},"done":true},"minecraft:story/form_obsidian":{"criteria":{"obsidian":"2024-10-20 18:22:01 +0000"},"done":true},"minecraft:recipes/decorations/enchanting_table":{"criteria":{"has_obsidian":"2024-10-20 18:22:01 +0000"},"done":true},"minecraft:recipes/misc/red_dye_from_poppy":{"criteria":{"has_poppy":"2024-10-20 18:23:29 +0000"},"done":true},"minecraft:recipes/misc/yellow_dye_from_dandelion":{"criteria":{"has_dandelion":"2024-10-20 18:23:32 +0000"},"done":true},"minecraft:recipes/building_blocks/packed_ice":{"criteria":{"has_ice":"2024-10-20 18:23:52 +0000"},"done":true},"minecraft:recipes/transportation/mangrove_boat":{"criteria":{"in_water":"2024-10-20 18:25:31 +0000"},"done":true},"minecraft:recipes/transportation/acacia_boat":{"criteria":{"in_water":"2024-10-20 18:25:31 +0000"},"done":true},"minecraft:recipes/transportation/cherry_boat":{"criteria":{"in_water":"2024-10-20 18:25:31 +0000"},"done":true},"minecraft:recipes/transportation/bamboo_raft":{"criteria":{"in_water":"2024-10-20 18:25:31 +0000"},"done":true},"minecraft:recipes/transportation/spruce_boat":{"criteria":{"in_water":"2024-10-20 18:25:31 +0000"},"done":true},"minecraft:recipes/transportation/birch_boat":{"criteria":{"in_water":"2024-10-20 18:25:31 +0000"},"done":true},"minecraft:recipes/transportation/oak_boat":{"criteria":{"in_water":"2024-10-20 18:25:31 +0000"},"done":true},"minecraft:recipes/transportation/jungle_boat":{"criteria":{"in_water":"2024-10-20 18:25:31 +0000"},"done":true},"minecraft:recipes/transportation/dark_oak_boat":{"criteria":{"in_water":"2024-10-20 18:25:31 +0000"},"done":true},"minecraft:recipes/misc/charcoal":{"criteria":{"has_log":"2024-10-20 18:25:56 +0000"},"done":true},"minecraft:recipes/building_blocks/oak_planks":{"criteria":{"has_logs":"2024-10-20 18:25:56 +0000"},"done":true},"minecraft:recipes/building_blocks/oak_wood":{"criteria":{"has_log":"2024-10-20 18:25:56 +0000"},"done":true},"minecraft:recipes/building_blocks/oak_slab":{"criteria":{"has_planks":"2024-10-20 18:26:27 +0000"},"done":true},"minecraft:recipes/decorations/oak_sign":{"criteria":{"has_planks":"2024-10-20 18:26:27 +0000"},"done":true},"minecraft:recipes/redstone/oak_trapdoor":{"criteria":{"has_planks":"2024-10-20 18:26:27 +0000"},"done":true},"minecraft:recipes/redstone/oak_fence_gate":{"criteria":{"has_planks":"2024-10-20 18:26:27 +0000"},"done":true},"minecraft:recipes/redstone/oak_pressure_plate":{"criteria":{"has_planks":"2024-10-20 18:26:27 +0000"},"done":true},"minecraft:recipes/redstone/oak_door":{"criteria":{"has_planks":"2024-10-20 18:26:27 +0000"},"done":true},"minecraft:recipes/misc/stick":{"criteria":{"has_planks":"2024-10-20 18:26:27 +0000"},"done":true},"minecraft:recipes/building_blocks/oak_stairs":{"criteria":{"has_planks":"2024-10-20 18:26:27 +0000"},"done":true},"minecraft:recipes/decorations/oak_fence":{"criteria":{"has_planks":"2024-10-20 18:26:27 +0000"},"done":true},"minecraft:recipes/decorations/barrel":{"criteria":{"has_planks":"2024-10-20 18:26:27 +0000"},"done":true},"minecraft:recipes/redstone/oak_button":{"criteria":{"has_planks":"2024-10-20 18:26:27 +0000"},"done":true},"minecraft:recipes/decorations/ladder":{"criteria":{"has_stick":"2024-10-20 18:26:32 +0000"},"done":true},"minecraft:recipes/decorations/campfire":{"criteria":{"has_stick":"2024-10-20 18:26:32 +0000"},"done":true},"minecraft:recipes/tools/wooden_hoe":{"criteria":{"has_stick":"2024-10-20 18:26:32 +0000"},"done":true},"minecraft:recipes/tools/wooden_pickaxe":{"criteria":{"has_stick":"2024-10-20 18:26:32 +0000"},"done":true},"minecraft:recipes/tools/wooden_axe":{"criteria":{"has_stick":"2024-10-20 18:26:32 +0000"},"done":true},"minecraft:recipes/tools/wooden_shovel":{"criteria":{"has_stick":"2024-10-20 18:26:32 +0000"},"done":true},"minecraft:recipes/combat/wooden_sword":{"criteria":{"has_stick":"2024-10-20 18:26:32 +0000"},"done":true},"minecraft:recipes/redstone/lever":{"criteria":{"has_cobblestone":"2024-10-20 18:27:05 +0000"},"done":true},"minecraft:recipes/combat/stone_sword":{"criteria":{"has_cobblestone":"2024-10-20 18:27:05 +0000"},"done":true},"minecraft:recipes/decorations/cobblestone_wall":{"criteria":{"has_cobblestone":"2024-10-20 18:27:05 +0000"},"done":true},"minecraft:recipes/tools/stone_pickaxe":{"criteria":{"has_cobblestone":"2024-10-20 18:27:05 +0000"},"done":true},"minecraft:recipes/tools/stone_axe":{"criteria":{"has_cobblestone":"2024-10-20 18:27:05 +0000"},"done":true},"minecraft:story/mine_stone":{"criteria":{"get_stone":"2024-10-20 18:27:05 +0000"},"done":true},"minecraft:recipes/decorations/furnace":{"criteria":{"has_cobblestone":"2024-10-20 18:27:05 +0000"},"done":true},"minecraft:recipes/building_blocks/cobblestone_slab":{"criteria":{"has_cobblestone":"2024-10-20 18:27:05 +0000"},"done":true},"minecraft:recipes/building_blocks/cobblestone_slab_from_cobblestone_stonecutting":{"criteria":{"has_cobblestone":"2024-10-20 18:27:05 +0000"},"done":true},"minecraft:recipes/building_blocks/stone":{"criteria":{"has_cobblestone":"2024-10-20 18:27:05 +0000"},"done":true},"minecraft:recipes/decorations/cobblestone_wall_from_cobblestone_stonecutting":{"criteria":{"has_cobblestone":"2024-10-20 18:27:05 +0000"},"done":true},"minecraft:recipes/building_blocks/cobblestone_stairs_from_cobblestone_stonecutting":{"criteria":{"has_cobblestone":"2024-10-20 18:27:05 +0000"},"done":true},"minecraft:recipes/building_blocks/cobblestone_stairs":{"criteria":{"has_cobblestone":"2024-10-20 18:27:05 +0000"},"done":true},"minecraft:recipes/tools/stone_hoe":{"criteria":{"has_cobblestone":"2024-10-20 18:27:05 +0000"},"done":true},"minecraft:recipes/tools/stone_shovel":{"criteria":{"has_cobblestone":"2024-10-20 18:27:05 +0000"},"done":true},"minecraft:recipes/decorations/torch":{"criteria":{"has_stone_pickaxe":"2024-10-20 18:27:39 +0000"},"done":true},"minecraft:story/upgrade_tools":{"criteria":{"stone_pickaxe":"2024-10-20 18:27:39 +0000"},"done":true},"skyblock:farmer/root":{"criteria":{"sapling":"2024-10-20 18:30:31 +0000"},"done":true},"skyblock:farmer/all_trees":{"criteria":{"oak":"2024-10-20 18:30:31 +0000","jungle":"2024-10-20 19:29:05 +0000","spruce":"2024-10-20 19:35:50 +0000"},"done":false},"minecraft:story/sapling":{"criteria":{"sapling":"2024-10-20 18:30:31 +0000"},"done":true},"minecraft:recipes/misc/sugar_from_sugar_cane":{"criteria":{"has_sugar_cane":"2024-10-20 18:48:31 +0000"},"done":true},"minecraft:recipes/misc/paper":{"criteria":{"has_reeds":"2024-10-20 18:48:31 +0000"},"done":true},"minecraft:recipes/decorations/chest":{"criteria":{"has_lots_of_items":"2024-10-20 18:48:32 +0000"},"done":true},"minecraft:recipes/misc/lime_dye_from_smelting":{"criteria":{"has_sea_pickle":"2024-10-20 18:48:33 +0000"},"done":true},"minecraft:recipes/brewing/cauldron":{"criteria":{"has_water_bucket":"2024-10-20 19:02:20 +0000"},"done":true},"minecraft:recipes/misc/stick_from_bamboo_item":{"criteria":{"has_bamboo":"2024-10-20 19:29:05 +0000"},"done":true},"minecraft:recipes/building_blocks/bamboo_block":{"criteria":{"has_bamboo":"2024-10-20 19:29:05 +0000"},"done":true},"minecraft:recipes/decorations/scaffolding":{"criteria":{"has_bamboo":"2024-10-20 19:29:05 +0000"},"done":true},"minecraft:recipes/misc/wayfinder_armor_trim_smithing_template":{"criteria":{"has_wayfinder_armor_trim_smithing_template":"2024-10-20 19:29:06 +0000"},"done":true},"minecraft:recipes/misc/wayfinder_armor_trim_smithing_template_smithing_trim":{"criteria":{"has_smithing_trim_template":"2024-10-20 19:29:06 +0000"},"done":true},"minecraft:recipes/misc/netherite_upgrade_smithing_template":{"criteria":{"has_netherite_upgrade_smithing_template":"2024-10-20 19:35:50 +0000"},"done":true},"minecraft:adventure/root":{"criteria":{"killed_something":"2024-10-20 19:39:47 +0000"},"done":true},"minecraft:recipes/misc/coast_armor_trim_smithing_template":{"criteria":{"has_coast_armor_trim_smithing_template":"2024-10-20 19:46:55 +0000"},"done":true},"minecraft:recipes/misc/coast_armor_trim_smithing_template_smithing_trim":{"criteria":{"has_smithing_trim_template":"2024-10-20 19:46:55 +0000"},"done":true},"minecraft:recipes/misc/dune_armor_trim_smithing_template":{"criteria":{"has_dune_armor_trim_smithing_template":"2024-10-20 21:29:11 +0000"},"done":true},"minecraft:recipes/misc/dune_armor_trim_smithing_template_smithing_trim":{"criteria":{"has_smithing_trim_template":"2024-10-20 21:29:11 +0000"},"done":true},"minecraft:recipes/combat/iron_sword":{"criteria":{"has_iron_ingot":"2024-10-20 21:29:12 +0000"},"done":true},"minecraft:recipes/tools/iron_pickaxe":{"criteria":{"has_iron_ingot":"2024-10-20 21:29:12 +0000"},"done":true},"minecraft:recipes/combat/iron_leggings":{"criteria":{"has_iron_ingot":"2024-10-20 21:29:12 +0000"},"done":true},"minecraft:recipes/combat/shield":{"criteria":{"has_iron_ingot":"2024-10-20 21:29:12 +0000"},"done":true},"minecraft:recipes/redstone/hopper":{"criteria":{"has_iron_ingot":"2024-10-20 21:29:12 +0000"},"done":true},"minecraft:recipes/decorations/iron_bars":{"criteria":{"has_iron_ingot":"2024-10-20 21:29:12 +0000"},"done":true},"minecraft:recipes/combat/iron_boots":{"criteria":{"has_iron_ingot":"2024-10-20 21:29:12 +0000"},"done":true},"minecraft:recipes/combat/iron_chestplate":{"criteria":{"has_iron_ingot":"2024-10-20 21:29:12 +0000"},"done":true},"minecraft:recipes/decorations/lantern":{"criteria":{"has_iron_ingot":"2024-10-20 21:29:12 +0000"},"done":true},"minecraft:recipes/misc/iron_nugget":{"criteria":{"has_iron_ingot":"2024-10-20 21:29:12 +0000"},"done":true},"minecraft:recipes/misc/bucket":{"criteria":{"has_iron_ingot":"2024-10-20 21:29:12 +0000"},"done":true},"minecraft:recipes/combat/iron_helmet":{"criteria":{"has_iron_ingot":"2024-10-20 21:29:12 +0000"},"done":true},"minecraft:recipes/transportation/minecart":{"criteria":{"has_iron_ingot":"2024-10-20 21:29:12 +0000"},"done":true},"minecraft:recipes/tools/iron_hoe":{"criteria":{"has_iron_ingot":"2024-10-20 21:29:12 +0000"},"done":true},"minecraft:recipes/tools/iron_shovel":{"criteria":{"has_iron_ingot":"2024-10-20 21:29:12 +0000"},"done":true},"minecraft:story/smelt_iron":{"criteria":{"iron":"2024-10-20 21:29:12 +0000"},"done":true},"minecraft:recipes/tools/shears":{"criteria":{"has_iron_ingot":"2024-10-20 21:29:12 +0000"},"done":true},"minecraft:recipes/redstone/iron_trapdoor":{"criteria":{"has_iron_ingot":"2024-10-20 21:29:12 +0000"},"done":true},"minecraft:recipes/decorations/chain":{"criteria":{"has_iron_ingot":"2024-10-20 21:29:12 +0000"},"done":true},"minecraft:recipes/building_blocks/iron_block":{"criteria":{"has_iron_ingot":"2024-10-20 21:29:12 +0000"},"done":true},"minecraft:recipes/tools/iron_axe":{"criteria":{"has_iron_ingot":"2024-10-20 21:29:12 +0000"},"done":true},"minecraft:recipes/combat/crossbow":{"criteria":{"has_iron_ingot":"2024-10-20 21:29:12 +0000"},"done":true},"minecraft:recipes/decorations/smithing_table":{"criteria":{"has_iron_ingot":"2024-10-20 21:29:12 +0000"},"done":true},"minecraft:recipes/redstone/iron_door":{"criteria":{"has_iron_ingot":"2024-10-20 21:29:12 +0000"},"done":true},"minecraft:recipes/redstone/heavy_weighted_pressure_plate":{"criteria":{"has_iron_ingot":"2024-10-20 21:29:12 +0000"},"done":true},"minecraft:recipes/misc/green_dye":{"criteria":{"has_cactus":"2024-10-20 21:29:21 +0000"},"done":true},"minecraft:recipes/building_blocks/lime_concrete_powder":{"criteria":{"has_sand":"2024-10-20 21:29:22 +0000"},"done":true},"minecraft:recipes/building_blocks/light_gray_concrete_powder":{"criteria":{"has_sand":"2024-10-20 21:29:22 +0000"},"done":true},"minecraft:recipes/building_blocks/pink_concrete_powder":{"criteria":{"has_sand":"2024-10-20 21:29:22 +0000"},"done":true},"minecraft:recipes/building_blocks/orange_concrete_powder":{"criteria":{"has_sand":"2024-10-20 21:29:22 +0000"},"done":true},"minecraft:recipes/building_blocks/red_concrete_powder":{"criteria":{"has_sand":"2024-10-20 21:29:22 +0000"},"done":true},"minecraft:recipes/building_blocks/magenta_concrete_powder":{"criteria":{"has_sand":"2024-10-20 21:29:22 +0000"},"done":true},"minecraft:recipes/building_blocks/brown_concrete_powder":{"criteria":{"has_sand":"2024-10-20 21:29:22 +0000"},"done":true},"minecraft:recipes/building_blocks/light_blue_concrete_powder":{"criteria":{"has_sand":"2024-10-20 21:29:22 +0000"},"done":true},"minecraft:recipes/building_blocks/glass":{"criteria":{"has_smelts_to_glass":"2024-10-20 21:29:22 +0000"},"done":true},"minecraft:recipes/building_blocks/green_concrete_powder":{"criteria":{"has_sand":"2024-10-20 21:29:22 +0000"},"done":true},"minecraft:recipes/building_blocks/blue_concrete_powder":{"criteria":{"has_sand":"2024-10-20 21:29:22 +0000"},"done":true},"minecraft:recipes/building_blocks/yellow_concrete_powder":{"criteria":{"has_sand":"2024-10-20 21:29:22 +0000"},"done":true},"minecraft:recipes/building_blocks/sandstone":{"criteria":{"has_sand":"2024-10-20 21:29:22 +0000"},"done":true},"minecraft:recipes/building_blocks/white_concrete_powder":{"criteria":{"has_sand":"2024-10-20 21:29:22 +0000"},"done":true},"minecraft:recipes/building_blocks/gray_concrete_powder":{"criteria":{"has_sand":"2024-10-20 21:29:22 +0000"},"done":true},"minecraft:recipes/building_blocks/black_concrete_powder":{"criteria":{"has_sand":"2024-10-20 21:29:22 +0000"},"done":true},"minecraft:recipes/building_blocks/purple_concrete_powder":{"criteria":{"has_sand":"2024-10-20 21:29:22 +0000"},"done":true},"minecraft:recipes/building_blocks/cyan_concrete_powder":{"criteria":{"has_sand":"2024-10-20 21:29:22 +0000"},"done":true},"minecraft:recipes/decorations/smoker":{"criteria":{"has_furnace":"2024-10-20 21:31:33 +0000"},"done":true},"minecraft:story/furnace":{"criteria":{"furnace":"2024-10-20 21:31:33 +0000"},"done":true},"skyblock:farmer/bamboo":{"criteria":{"bamboo":"2024-10-20 21:32:06 +0000"},"done":true},"minecraft:recipes/building_blocks/bamboo_planks":{"criteria":{"has_logs":"2024-10-20 21:32:42 +0000"},"done":true},"minecraft:recipes/redstone/bamboo_trapdoor":{"criteria":{"has_planks":"2024-10-20 21:32:45 +0000"},"done":true},"minecraft:recipes/redstone/bamboo_pressure_plate":{"criteria":{"has_planks":"2024-10-20 21:32:45 +0000"},"done":true},"minecraft:recipes/building_blocks/bamboo_slab":{"criteria":{"has_planks":"2024-10-20 21:32:45 +0000"},"done":true},"minecraft:recipes/redstone/bamboo_button":{"criteria":{"has_planks":"2024-10-20 21:32:45 +0000"},"done":true},"minecraft:recipes/redstone/bamboo_fence_gate":{"criteria":{"has_planks":"2024-10-20 21:32:45 +0000"},"done":true},"minecraft:recipes/building_blocks/bamboo_stairs":{"criteria":{"has_planks":"2024-10-20 21:32:45 +0000"},"done":true},"minecraft:recipes/decorations/bamboo_sign":{"criteria":{"has_planks":"2024-10-20 21:32:45 +0000"},"done":true},"minecraft:recipes/redstone/bamboo_door":{"criteria":{"has_planks":"2024-10-20 21:32:45 +0000"},"done":true},"minecraft:recipes/decorations/bamboo_fence":{"criteria":{"has_planks":"2024-10-20 21:32:45 +0000"},"done":true},"minecraft:husbandry/balanced_diet":{"criteria":{"apple":"2024-10-20 21:40:07 +0000","rotten_flesh":"2024-10-20 23:11:03 +0000","cooked_cod":"2024-10-20 22:41:01 +0000"},"done":false},"minecraft:husbandry/root":{"criteria":{"consumed_item":"2024-10-20 21:40:07 +0000"},"done":true},"minecraft:recipes/food/cooked_cod_from_smoking":{"criteria":{"has_cod":"2024-10-20 21:49:39 +0000"},"done":true},"minecraft:recipes/food/cooked_cod_from_campfire_cooking":{"criteria":{"has_cod":"2024-10-20 21:49:39 +0000"},"done":true},"minecraft:recipes/food/cooked_cod":{"criteria":{"has_cod":"2024-10-20 21:49:39 +0000"},"done":true},"minecraft:story/torch_time":{"criteria":{"requirement":"2024-10-20 22:34:29 +0000"},"done":true},"minecraft:recipes/misc/white_dye":{"criteria":{"has_bone_meal":"2024-10-20 22:46:31 +0000"},"done":true},"minecraft:recipes/building_blocks/bone_block":{"criteria":{"has_bone_meal":"2024-10-20 22:46:31 +0000"},"done":true},"minecraft:adventure/kill_all_mobs":{"criteria":{"minecraft:skeleton":"2024-10-20 23:09:27 +0000","minecraft:zombie":"2024-10-20 23:08:33 +0000","minecraft:creeper":"2024-10-20 23:09:26 +0000"},"done":false},"minecraft:story/fake_cave":{"criteria":{"minecraft:zombie":"2024-10-20 23:08:33 +0000"},"done":true},"minecraft:adventure/kill_a_mob":{"criteria":{"minecraft:zombie":"2024-10-20 23:08:33 +0000"},"done":true},"minecraft:story/zombie_hunter":{"criteria":{"requirement":"2024-10-20 23:08:33 +0000"},"done":true},"minecraft:recipes/misc/bone_meal":{"criteria":{"has_bone":"2024-10-20 23:09:21 +0000"},"done":true},"minecraft:recipes/misc/firework_rocket_simple":{"criteria":{"has_gunpowder":"2024-10-20 23:09:27 +0000"},"done":true},"minecraft:recipes/redstone/tnt":{"criteria":{"has_gunpowder":"2024-10-20 23:09:27 +0000"},"done":true},"minecraft:recipes/redstone/dispenser":{"criteria":{"has_bow":"2024-10-20 23:10:27 +0000"},"done":true},"minecraft:recipes/misc/gold_nugget_from_smelting":{"criteria":{"has_golden_boots":"2024-10-20 23:18:55 +0000"},"done":true},"minecraft:recipes/misc/gold_nugget_from_blasting":{"criteria":{"has_golden_boots":"2024-10-20 23:18:55 +0000"},"done":true},"minecraft:recipes/combat/bow":{"criteria":{"has_string":"2024-10-20 23:20:16 +0000"},"done":true},"minecraft:recipes/tools/fishing_rod":{"criteria":{"has_string":"2024-10-20 23:20:16 +0000"},"done":true},"minecraft:recipes/building_blocks/white_wool_from_string":{"criteria":{"has_string":"2024-10-20 23:20:16 +0000"},"done":true},"minecraft:recipes/redstone/tripwire_hook":{"criteria":{"has_string":"2024-10-20 23:20:16 +0000"},"done":true},"minecraft:recipes/decorations/candle":{"criteria":{"has_string":"2024-10-20 23:20:16 +0000"},"done":true},"minecraft:recipes/decorations/loom":{"criteria":{"has_string":"2024-10-20 23:20:16 +0000"},"done":true},"minecraft:recipes/transportation/dark_oak_chest_boat":{"criteria":{"has_boat":"2024-10-20 23:20:53 +0000"},"done":true},"minecraft:recipes/transportation/bamboo_chest_raft":{"criteria":{"has_boat":"2024-10-20 23:20:53 +0000"},"done":true},"minecraft:recipes/transportation/spruce_chest_boat":{"criteria":{"has_boat":"2024-10-20 23:20:53 +0000"},"done":true},"minecraft:recipes/transportation/jungle_chest_boat":{"criteria":{"has_boat":"2024-10-20 23:20:53 +0000"},"done":true},"minecraft:recipes/transportation/acacia_chest_boat":{"criteria":{"has_boat":"2024-10-20 23:20:53 +0000"},"done":true},"minecraft:recipes/transportation/mangrove_chest_boat":{"criteria":{"has_boat":"2024-10-20 23:20:53 +0000"},"done":true},"minecraft:recipes/transportation/oak_chest_boat":{"criteria":{"has_boat":"2024-10-20 23:20:53 +0000"},"done":true},"minecraft:recipes/transportation/cherry_chest_boat":{"criteria":{"has_boat":"2024-10-20 23:20:53 +0000"},"done":true},"minecraft:recipes/transportation/birch_chest_boat":{"criteria":{"has_boat":"2024-10-20 23:20:53 +0000"},"done":true},"DataVersion":3955}