{"minecraft:recipes/misc/charcoal":{"criteria":{"has_log":"2024-10-14 00:50:04 +0000"},"done":true},"minecraft:recipes/decorations/crafting_table":{"criteria":{"unlock_right_away":"2024-10-14 00:49:18 +0000"},"done":true},"minecraft:recipes/building_blocks/oak_planks":{"criteria":{"has_logs":"2024-10-14 00:50:04 +0000"},"done":true},"minecraft:adventure/adventuring_time":{"criteria":{"minecraft:forest":"2024-10-14 00:49:19 +0000","minecraft:river":"2024-10-14 00:52:50 +0000"},"done":false},"minecraft:recipes/building_blocks/oak_wood":{"criteria":{"has_log":"2024-10-14 00:50:04 +0000"},"done":true},"DataVersion":3955}